{
"type": "FeatureCollection",
"name": "yem_adminpoints",
"crs": { "type": "name", "properties": { "name": "urn:ogc:def:crs:OGC:1.3:CRS84" } },
"features": [
{ "type": "Feature", "properties": { "admin_level": 0, "name": "Yemen", "name1": "اليمن", "name2": null, "name3": null, "x_coord": 47.48179608, "y_coord": 15.79674567, "adm4_name": null, "adm4_name1": null, "adm4_name2": null, "adm4_name3": null, "adm4_pcode": null, "adm3_name": null, "adm3_name1": null, "adm3_name2": null, "adm3_name3": null, "adm3_pcode": null, "adm2_name": null, "adm2_name1": null, "adm2_name2": null, "adm2_name3": null, "adm2_pcode": null, "adm1_name": null, "adm1_name1": null, "adm1_name2": null, "adm1_name3": null, "adm1_pcode": null, "adm0_name": "Yemen", "adm0_name1": null, "adm0_name2": null, "adm0_name3": null, "adm0_pcode": "YE", "valid_on": "2019-11-22", "valid_to": null, "version": "v01", "lang": "en", "lang1": "ar", "lang2": null, "lang3": null }, "geometry": { "type": "Point", "coordinates": [ 47.481796080000095, 15.796745667000039 ] } },
{ "type": "Feature", "properties": { "admin_level": 1, "name": "Abyan", "name1": "ابين", "name2": null, "name3": null, "x_coord": 46.23680623, "y_coord": 13.63099229, "adm4_name": null, "adm4_name1": null, "adm4_name2": null, "adm4_name3": null, "adm4_pcode": null, "adm3_name": null, "adm3_name1": null, "adm3_name2": null, "adm3_name3": null, "adm3_pcode": null, "adm2_name": null, "adm2_name1": null, "adm2_name2": null, "adm2_name3": null, "adm2_pcode": null, "adm1_name": "Abyan", "adm1_name1": "ابين", "adm1_name2": null, "adm1_name3": null, "adm1_pcode": "YE12", "adm0_name": "Yemen", "adm0_name1": null, "adm0_name2": null, "adm0_name3": null, "adm0_pcode": "YE", "valid_on": "2019-11-22", "valid_to": null, "version": "v01", "lang": "en", "lang1": "ar", "lang2": null, "lang3": null }, "geometry": { "type": "Point", "coordinates": [ 46.236806235000188, 13.630992290000052 ] } },
{ "type": "Feature", "properties": { "admin_level": 1, "name": "Ad Dali'", "name1": "الضالع", "name2": null, "name3": null, "x_coord": 44.79008202, "y_coord": 13.89112496, "adm4_name": null, "adm4_name1": null, "adm4_name2": null, "adm4_name3": null, "adm4_pcode": null, "adm3_name": null, "adm3_name1": null, "adm3_name2": null, "adm3_name3": null, "adm3_pcode": null, "adm2_name": null, "adm2_name1": null, "adm2_name2": null, "adm2_name3": null, "adm2_pcode": null, "adm1_name": "Ad Dali'", "adm1_name1": "الضالع", "adm1_name2": null, "adm1_name3": null, "adm1_pcode": "YE30", "adm0_name": "Yemen", "adm0_name1": null, "adm0_name2": null, "adm0_name3": null, "adm0_pcode": "YE", "valid_on": "2019-11-22", "valid_to": null, "version": "v01", "lang": "en", "lang1": "ar", "lang2": null, "lang3": null }, "geometry": { "type": "Point", "coordinates": [ 44.790082016999975, 13.891124957000045 ] } },
{ "type": "Feature", "properties": { "admin_level": 1, "name": "Aden", "name1": "عدن", "name2": null, "name3": null, "x_coord": 44.78187005, "y_coord": 12.81036941, "adm4_name": null, "adm4_name1": null, "adm4_name2": null, "adm4_name3": null, "adm4_pcode": null, "adm3_name": null, "adm3_name1": null, "adm3_name2": null, "adm3_name3": null, "adm3_pcode": null, "adm2_name": null, "adm2_name1": null, "adm2_name2": null, "adm2_name3": null, "adm2_pcode": null, "adm1_name": "Aden", "adm1_name1": "عدن", "adm1_name2": null, "adm1_name3": null, "adm1_pcode": "YE24", "adm0_name": "Yemen", "adm0_name1": null, "adm0_name2": null, "adm0_name3": null, "adm0_pcode": "YE", "valid_on": "2019-11-22", "valid_to": null, "version": "v01", "lang": "en", "lang1": "ar", "lang2": null, "lang3": null }, "geometry": { "type": "Point", "coordinates": [ 44.781870046000108, 12.810369412000171 ] } },
{ "type": "Feature", "properties": { "admin_level": 1, "name": "Al Bayda", "name1": "البيضاء", "name2": null, "name3": null, "x_coord": 45.27952659, "y_coord": 14.32562261, "adm4_name": null, "adm4_name1": null, "adm4_name2": null, "adm4_name3": null, "adm4_pcode": null, "adm3_name": null, "adm3_name1": null, "adm3_name2": null, "adm3_name3": null, "adm3_pcode": null, "adm2_name": null, "adm2_name1": null, "adm2_name2": null, "adm2_name3": null, "adm2_pcode": null, "adm1_name": "Al Bayda", "adm1_name1": "البيضاء", "adm1_name2": null, "adm1_name3": null, "adm1_pcode": "YE14", "adm0_name": "Yemen", "adm0_name1": null, "adm0_name2": null, "adm0_name3": null, "adm0_pcode": "YE", "valid_on": "2019-11-22", "valid_to": null, "version": "v01", "lang": "en", "lang1": "ar", "lang2": null, "lang3": null }, "geometry": { "type": "Point", "coordinates": [ 45.279526585000156, 14.325622606000024 ] } },
{ "type": "Feature", "properties": { "admin_level": 1, "name": "Al Hodeidah", "name1": "الحديده", "name2": null, "name3": null, "x_coord": 43.21762067, "y_coord": 14.78215907, "adm4_name": null, "adm4_name1": null, "adm4_name2": null, "adm4_name3": null, "adm4_pcode": null, "adm3_name": null, "adm3_name1": null, "adm3_name2": null, "adm3_name3": null, "adm3_pcode": null, "adm2_name": null, "adm2_name1": null, "adm2_name2": null, "adm2_name3": null, "adm2_pcode": null, "adm1_name": "Al Hodeidah", "adm1_name1": "الحديده", "adm1_name2": null, "adm1_name3": null, "adm1_pcode": "YE18", "adm0_name": "Yemen", "adm0_name1": null, "adm0_name2": null, "adm0_name3": null, "adm0_pcode": "YE", "valid_on": "2019-11-22", "valid_to": null, "version": "v01", "lang": "en", "lang1": "ar", "lang2": null, "lang3": null }, "geometry": { "type": "Point", "coordinates": [ 43.217620674000102, 14.782159075000038 ] } },
{ "type": "Feature", "properties": { "admin_level": 1, "name": "Al Jawf", "name1": "الجوف", "name2": null, "name3": null, "x_coord": 45.5937174, "y_coord": 16.593835, "adm4_name": null, "adm4_name1": null, "adm4_name2": null, "adm4_name3": null, "adm4_pcode": null, "adm3_name": null, "adm3_name1": null, "adm3_name2": null, "adm3_name3": null, "adm3_pcode": null, "adm2_name": null, "adm2_name1": null, "adm2_name2": null, "adm2_name3": null, "adm2_pcode": null, "adm1_name": "Al Jawf", "adm1_name1": "الجوف", "adm1_name2": null, "adm1_name3": null, "adm1_pcode": "YE16", "adm0_name": "Yemen", "adm0_name1": null, "adm0_name2": null, "adm0_name3": null, "adm0_pcode": "YE", "valid_on": "2019-11-22", "valid_to": null, "version": "v01", "lang": "en", "lang1": "ar", "lang2": null, "lang3": null }, "geometry": { "type": "Point", "coordinates": [ 45.593717402000038, 16.593835000000126 ] } },
{ "type": "Feature", "properties": { "admin_level": 1, "name": "Al Maharah", "name1": "المهره", "name2": null, "name3": null, "x_coord": 52.02551693, "y_coord": 17.049145, "adm4_name": null, "adm4_name1": null, "adm4_name2": null, "adm4_name3": null, "adm4_pcode": null, "adm3_name": null, "adm3_name1": null, "adm3_name2": null, "adm3_name3": null, "adm3_pcode": null, "adm2_name": null, "adm2_name1": null, "adm2_name2": null, "adm2_name3": null, "adm2_pcode": null, "adm1_name": "Al Maharah", "adm1_name1": "المهره", "adm1_name2": null, "adm1_name3": null, "adm1_pcode": "YE28", "adm0_name": "Yemen", "adm0_name1": null, "adm0_name2": null, "adm0_name3": null, "adm0_pcode": "YE", "valid_on": "2019-11-22", "valid_to": null, "version": "v01", "lang": "en", "lang1": "ar", "lang2": null, "lang3": null }, "geometry": { "type": "Point", "coordinates": [ 52.025516932000187, 17.049144999000077 ] } },
{ "type": "Feature", "properties": { "admin_level": 1, "name": "Al Mahwit", "name1": "المحويت", "name2": null, "name3": null, "x_coord": 43.50160309, "y_coord": 15.313965, "adm4_name": null, "adm4_name1": null, "adm4_name2": null, "adm4_name3": null, "adm4_pcode": null, "adm3_name": null, "adm3_name1": null, "adm3_name2": null, "adm3_name3": null, "adm3_pcode": null, "adm2_name": null, "adm2_name1": null, "adm2_name2": null, "adm2_name3": null, "adm2_pcode": null, "adm1_name": "Al Mahwit", "adm1_name1": "المحويت", "adm1_name2": null, "adm1_name3": null, "adm1_pcode": "YE27", "adm0_name": "Yemen", "adm0_name1": null, "adm0_name2": null, "adm0_name3": null, "adm0_pcode": "YE", "valid_on": "2019-11-22", "valid_to": null, "version": "v01", "lang": "en", "lang1": "ar", "lang2": null, "lang3": null }, "geometry": { "type": "Point", "coordinates": [ 43.501603088000138, 15.313965001000099 ] } },
{ "type": "Feature", "properties": { "admin_level": 1, "name": "Amran", "name1": "عمران", "name2": null, "name3": null, "x_coord": 43.93702513, "y_coord": 16.10745, "adm4_name": null, "adm4_name1": null, "adm4_name2": null, "adm4_name3": null, "adm4_pcode": null, "adm3_name": null, "adm3_name1": null, "adm3_name2": null, "adm3_name3": null, "adm3_pcode": null, "adm2_name": null, "adm2_name1": null, "adm2_name2": null, "adm2_name3": null, "adm2_pcode": null, "adm1_name": "Amran", "adm1_name1": "عمران", "adm1_name2": null, "adm1_name3": null, "adm1_pcode": "YE29", "adm0_name": "Yemen", "adm0_name1": null, "adm0_name2": null, "adm0_name3": null, "adm0_pcode": "YE", "valid_on": "2019-11-22", "valid_to": null, "version": "v01", "lang": "en", "lang1": "ar", "lang2": null, "lang3": null }, "geometry": { "type": "Point", "coordinates": [ 43.937025133000077, 16.107450000000142 ] } },
{ "type": "Feature", "properties": { "admin_level": 1, "name": "Dhamar", "name1": "ذمار", "name2": null, "name3": null, "x_coord": 44.30275144, "y_coord": 14.54205079, "adm4_name": null, "adm4_name1": null, "adm4_name2": null, "adm4_name3": null, "adm4_pcode": null, "adm3_name": null, "adm3_name1": null, "adm3_name2": null, "adm3_name3": null, "adm3_pcode": null, "adm2_name": null, "adm2_name1": null, "adm2_name2": null, "adm2_name3": null, "adm2_pcode": null, "adm1_name": "Dhamar", "adm1_name1": "ذمار", "adm1_name2": null, "adm1_name3": null, "adm1_pcode": "YE20", "adm0_name": "Yemen", "adm0_name1": null, "adm0_name2": null, "adm0_name3": null, "adm0_pcode": "YE", "valid_on": "2019-11-22", "valid_to": null, "version": "v01", "lang": "en", "lang1": "ar", "lang2": null, "lang3": null }, "geometry": { "type": "Point", "coordinates": [ 44.30275144400008, 14.542050788000097 ] } },
{ "type": "Feature", "properties": { "admin_level": 1, "name": "Hadramawt", "name1": "حضرموت", "name2": null, "name3": null, "x_coord": 48.63126132, "y_coord": 16.522785, "adm4_name": null, "adm4_name1": null, "adm4_name2": null, "adm4_name3": null, "adm4_pcode": null, "adm3_name": null, "adm3_name1": null, "adm3_name2": null, "adm3_name3": null, "adm3_pcode": null, "adm2_name": null, "adm2_name1": null, "adm2_name2": null, "adm2_name3": null, "adm2_pcode": null, "adm1_name": "Hadramawt", "adm1_name1": "حضرموت", "adm1_name2": null, "adm1_name3": null, "adm1_pcode": "YE19", "adm0_name": "Yemen", "adm0_name1": null, "adm0_name2": null, "adm0_name3": null, "adm0_pcode": "YE", "valid_on": "2019-11-22", "valid_to": null, "version": "v01", "lang": "en", "lang1": "ar", "lang2": null, "lang3": null }, "geometry": { "type": "Point", "coordinates": [ 48.631261315000188, 16.522785 ] } },
{ "type": "Feature", "properties": { "admin_level": 1, "name": "Hajjah", "name1": "حجه", "name2": null, "name3": null, "x_coord": 43.2031389, "y_coord": 16.0910009, "adm4_name": null, "adm4_name1": null, "adm4_name2": null, "adm4_name3": null, "adm4_pcode": null, "adm3_name": null, "adm3_name1": null, "adm3_name2": null, "adm3_name3": null, "adm3_pcode": null, "adm2_name": null, "adm2_name1": null, "adm2_name2": null, "adm2_name3": null, "adm2_pcode": null, "adm1_name": "Hajjah", "adm1_name1": "حجه", "adm1_name2": null, "adm1_name3": null, "adm1_pcode": "YE17", "adm0_name": "Yemen", "adm0_name1": null, "adm0_name2": null, "adm0_name3": null, "adm0_pcode": "YE", "valid_on": "2019-11-22", "valid_to": null, "version": "v01", "lang": "en", "lang1": "ar", "lang2": null, "lang3": null }, "geometry": { "type": "Point", "coordinates": [ 43.20313889800002, 16.091000904 ] } },
{ "type": "Feature", "properties": { "admin_level": 1, "name": "Ibb", "name1": "اب", "name2": null, "name3": null, "x_coord": 44.18040421, "y_coord": 14.083615, "adm4_name": null, "adm4_name1": null, "adm4_name2": null, "adm4_name3": null, "adm4_pcode": null, "adm3_name": null, "adm3_name1": null, "adm3_name2": null, "adm3_name3": null, "adm3_pcode": null, "adm2_name": null, "adm2_name1": null, "adm2_name2": null, "adm2_name3": null, "adm2_pcode": null, "adm1_name": "Ibb", "adm1_name1": "اب", "adm1_name2": null, "adm1_name3": null, "adm1_pcode": "YE11", "adm0_name": "Yemen", "adm0_name1": null, "adm0_name2": null, "adm0_name3": null, "adm0_pcode": "YE", "valid_on": "2019-11-22", "valid_to": null, "version": "v01", "lang": "en", "lang1": "ar", "lang2": null, "lang3": null }, "geometry": { "type": "Point", "coordinates": [ 44.180404209000187, 14.083615000000179 ] } },
{ "type": "Feature", "properties": { "admin_level": 1, "name": "Lahj", "name1": "لحج", "name2": null, "name3": null, "x_coord": 44.74593733, "y_coord": 13.32606, "adm4_name": null, "adm4_name1": null, "adm4_name2": null, "adm4_name3": null, "adm4_pcode": null, "adm3_name": null, "adm3_name1": null, "adm3_name2": null, "adm3_name3": null, "adm3_pcode": null, "adm2_name": null, "adm2_name1": null, "adm2_name2": null, "adm2_name3": null, "adm2_pcode": null, "adm1_name": "Lahj", "adm1_name1": "لحج", "adm1_name2": null, "adm1_name3": null, "adm1_pcode": "YE25", "adm0_name": "Yemen", "adm0_name1": null, "adm0_name2": null, "adm0_name3": null, "adm0_pcode": "YE", "valid_on": "2019-11-22", "valid_to": null, "version": "v01", "lang": "en", "lang1": "ar", "lang2": null, "lang3": null }, "geometry": { "type": "Point", "coordinates": [ 44.745937334000075, 13.326060001000087 ] } },
{ "type": "Feature", "properties": { "admin_level": 1, "name": "Ma'rib", "name1": "مارب", "name2": null, "name3": null, "x_coord": 45.44753404, "y_coord": 15.32449825, "adm4_name": null, "adm4_name1": null, "adm4_name2": null, "adm4_name3": null, "adm4_pcode": null, "adm3_name": null, "adm3_name1": null, "adm3_name2": null, "adm3_name3": null, "adm3_pcode": null, "adm2_name": null, "adm2_name1": null, "adm2_name2": null, "adm2_name3": null, "adm2_pcode": null, "adm1_name": "Ma'rib", "adm1_name1": "مارب", "adm1_name2": null, "adm1_name3": null, "adm1_pcode": "YE26", "adm0_name": "Yemen", "adm0_name1": null, "adm0_name2": null, "adm0_name3": null, "adm0_pcode": "YE", "valid_on": "2019-11-22", "valid_to": null, "version": "v01", "lang": "en", "lang1": "ar", "lang2": null, "lang3": null }, "geometry": { "type": "Point", "coordinates": [ 45.447534037000082, 15.324498246000019 ] } },
{ "type": "Feature", "properties": { "admin_level": 1, "name": "Raymah", "name1": "ريمه", "name2": null, "name3": null, "x_coord": 43.68884202, "y_coord": 14.65626027, "adm4_name": null, "adm4_name1": null, "adm4_name2": null, "adm4_name3": null, "adm4_pcode": null, "adm3_name": null, "adm3_name1": null, "adm3_name2": null, "adm3_name3": null, "adm3_pcode": null, "adm2_name": null, "adm2_name1": null, "adm2_name2": null, "adm2_name3": null, "adm2_pcode": null, "adm1_name": "Raymah", "adm1_name1": "ريمه", "adm1_name2": null, "adm1_name3": null, "adm1_pcode": "YE31", "adm0_name": "Yemen", "adm0_name1": null, "adm0_name2": null, "adm0_name3": null, "adm0_pcode": "YE", "valid_on": "2019-11-22", "valid_to": null, "version": "v01", "lang": "en", "lang1": "ar", "lang2": null, "lang3": null }, "geometry": { "type": "Point", "coordinates": [ 43.688842018000059, 14.656260266000118 ] } },
{ "type": "Feature", "properties": { "admin_level": 1, "name": "Sa'dah", "name1": "صعده", "name2": null, "name3": null, "x_coord": 43.86331599, "y_coord": 17.08158664, "adm4_name": null, "adm4_name1": null, "adm4_name2": null, "adm4_name3": null, "adm4_pcode": null, "adm3_name": null, "adm3_name1": null, "adm3_name2": null, "adm3_name3": null, "adm3_pcode": null, "adm2_name": null, "adm2_name1": null, "adm2_name2": null, "adm2_name3": null, "adm2_pcode": null, "adm1_name": "Sa'dah", "adm1_name1": "صعده", "adm1_name2": null, "adm1_name3": null, "adm1_pcode": "YE22", "adm0_name": "Yemen", "adm0_name1": null, "adm0_name2": null, "adm0_name3": null, "adm0_pcode": "YE", "valid_on": "2019-11-22", "valid_to": null, "version": "v01", "lang": "en", "lang1": "ar", "lang2": null, "lang3": null }, "geometry": { "type": "Point", "coordinates": [ 43.863315986000032, 17.081586639000079 ] } },
{ "type": "Feature", "properties": { "admin_level": 1, "name": "Sana'a", "name1": "صنعاء", "name2": null, "name3": null, "x_coord": 44.46171846, "y_coord": 15.40352013, "adm4_name": null, "adm4_name1": null, "adm4_name2": null, "adm4_name3": null, "adm4_pcode": null, "adm3_name": null, "adm3_name1": null, "adm3_name2": null, "adm3_name3": null, "adm3_pcode": null, "adm2_name": null, "adm2_name1": null, "adm2_name2": null, "adm2_name3": null, "adm2_pcode": null, "adm1_name": "Sana'a", "adm1_name1": "صنعاء", "adm1_name2": null, "adm1_name3": null, "adm1_pcode": "YE23", "adm0_name": "Yemen", "adm0_name1": null, "adm0_name2": null, "adm0_name3": null, "adm0_pcode": "YE", "valid_on": "2019-11-22", "valid_to": null, "version": "v01", "lang": "en", "lang1": "ar", "lang2": null, "lang3": null }, "geometry": { "type": "Point", "coordinates": [ 44.461718462000192, 15.403520126000103 ] } },
{ "type": "Feature", "properties": { "admin_level": 1, "name": "Sana'a City", "name1": "امانة العاصمه", "name2": null, "name3": null, "x_coord": 44.17555835, "y_coord": 15.40928, "adm4_name": null, "adm4_name1": null, "adm4_name2": null, "adm4_name3": null, "adm4_pcode": null, "adm3_name": null, "adm3_name1": null, "adm3_name2": null, "adm3_name3": null, "adm3_pcode": null, "adm2_name": null, "adm2_name1": null, "adm2_name2": null, "adm2_name3": null, "adm2_pcode": null, "adm1_name": "Sana'a City", "adm1_name1": "امانة العاصمه", "adm1_name2": null, "adm1_name3": null, "adm1_pcode": "YE13", "adm0_name": "Yemen", "adm0_name1": null, "adm0_name2": null, "adm0_name3": null, "adm0_pcode": "YE", "valid_on": "2019-11-22", "valid_to": null, "version": "v01", "lang": "en", "lang1": "ar", "lang2": null, "lang3": null }, "geometry": { "type": "Point", "coordinates": [ 44.175558354000088, 15.40928 ] } },
{ "type": "Feature", "properties": { "admin_level": 1, "name": "Shabwah", "name1": "شبوه", "name2": null, "name3": null, "x_coord": 46.65599615, "y_coord": 14.661415, "adm4_name": null, "adm4_name1": null, "adm4_name2": null, "adm4_name3": null, "adm4_pcode": null, "adm3_name": null, "adm3_name1": null, "adm3_name2": null, "adm3_name3": null, "adm3_pcode": null, "adm2_name": null, "adm2_name1": null, "adm2_name2": null, "adm2_name3": null, "adm2_pcode": null, "adm1_name": "Shabwah", "adm1_name1": "شبوه", "adm1_name2": null, "adm1_name3": null, "adm1_pcode": "YE21", "adm0_name": "Yemen", "adm0_name1": null, "adm0_name2": null, "adm0_name3": null, "adm0_pcode": "YE", "valid_on": "2019-11-22", "valid_to": null, "version": "v01", "lang": "en", "lang1": "ar", "lang2": null, "lang3": null }, "geometry": { "type": "Point", "coordinates": [ 46.655996150000135, 14.661415000000147 ] } },
{ "type": "Feature", "properties": { "admin_level": 1, "name": "Socotra", "name1": "سقطرى", "name2": null, "name3": null, "x_coord": 53.89503469, "y_coord": 12.50461999, "adm4_name": null, "adm4_name1": null, "adm4_name2": null, "adm4_name3": null, "adm4_pcode": null, "adm3_name": null, "adm3_name1": null, "adm3_name2": null, "adm3_name3": null, "adm3_pcode": null, "adm2_name": null, "adm2_name1": null, "adm2_name2": null, "adm2_name3": null, "adm2_pcode": null, "adm1_name": "Socotra", "adm1_name1": "سقطرى", "adm1_name2": null, "adm1_name3": null, "adm1_pcode": "YE32", "adm0_name": "Yemen", "adm0_name1": null, "adm0_name2": null, "adm0_name3": null, "adm0_pcode": "YE", "valid_on": "2019-11-22", "valid_to": null, "version": "v01", "lang": "en", "lang1": "ar", "lang2": null, "lang3": null }, "geometry": { "type": "Point", "coordinates": [ 53.895034693000071, 12.504619989000048 ] } },
{ "type": "Feature", "properties": { "admin_level": 1, "name": "Ta'iz", "name1": "تعز", "name2": null, "name3": null, "x_coord": 43.78493742, "y_coord": 13.29333714, "adm4_name": null, "adm4_name1": null, "adm4_name2": null, "adm4_name3": null, "adm4_pcode": null, "adm3_name": null, "adm3_name1": null, "adm3_name2": null, "adm3_name3": null, "adm3_pcode": null, "adm2_name": null, "adm2_name1": null, "adm2_name2": null, "adm2_name3": null, "adm2_pcode": null, "adm1_name": "Ta'iz", "adm1_name1": "تعز", "adm1_name2": null, "adm1_name3": null, "adm1_pcode": "YE15", "adm0_name": "Yemen", "adm0_name1": null, "adm0_name2": null, "adm0_name3": null, "adm0_pcode": "YE", "valid_on": "2019-11-22", "valid_to": null, "version": "v01", "lang": "en", "lang1": "ar", "lang2": null, "lang3": null }, "geometry": { "type": "Point", "coordinates": [ 43.784937425000123, 13.293337143000088 ] } },
{ "type": "Feature", "properties": { "admin_level": 2, "name": "Abs", "name1": "عبس", "name2": null, "name3": null, "x_coord": 43.10548343, "y_coord": 16.01845, "adm4_name": null, "adm4_name1": null, "adm4_name2": null, "adm4_name3": null, "adm4_pcode": null, "adm3_name": null, "adm3_name1": null, "adm3_name2": null, "adm3_name3": null, "adm3_pcode": null, "adm2_name": "Abs", "adm2_name1": "عبس", "adm2_name2": null, "adm2_name3": null, "adm2_pcode": "YE1704", "adm1_name": "Hajjah", "adm1_name1": "حجه", "adm1_name2": null, "adm1_name3": null, "adm1_pcode": "YE17", "adm0_name": "Yemen", "adm0_name1": null, "adm0_name2": null, "adm0_name3": null, "adm0_pcode": "YE", "valid_on": "2019-11-22", "valid_to": null, "version": "v01", "lang": "en", "lang1": "ar", "lang2": null, "lang3": null }, "geometry": { "type": "Point", "coordinates": [ 43.105483430000106, 16.018450000000144 ] } },
{ "type": "Feature", "properties": { "admin_level": 2, "name": "Ad Dali'", "name1": "الضالع", "name2": null, "name3": null, "x_coord": 44.76295877, "y_coord": 13.71363, "adm4_name": null, "adm4_name1": null, "adm4_name2": null, "adm4_name3": null, "adm4_pcode": null, "adm3_name": null, "adm3_name1": null, "adm3_name2": null, "adm3_name3": null, "adm3_pcode": null, "adm2_name": "Ad Dali'", "adm2_name1": "الضالع", "adm2_name2": null, "adm2_name3": null, "adm2_pcode": "YE3006", "adm1_name": "Ad Dali'", "adm1_name1": "الضالع", "adm1_name2": null, "adm1_name3": null, "adm1_pcode": "YE30", "adm0_name": "Yemen", "adm0_name1": null, "adm0_name2": null, "adm0_name3": null, "adm0_pcode": "YE", "valid_on": "2019-11-22", "valid_to": null, "version": "v01", "lang": "en", "lang1": "ar", "lang2": null, "lang3": null }, "geometry": { "type": "Point", "coordinates": [ 44.762958768000146, 13.71363 ] } },
{ "type": "Feature", "properties": { "admin_level": 2, "name": "Ad Dis", "name1": "الديس", "name2": null, "name3": null, "x_coord": 49.94886318, "y_coord": 15.104745, "adm4_name": null, "adm4_name1": null, "adm4_name2": null, "adm4_name3": null, "adm4_pcode": null, "adm3_name": null, "adm3_name1": null, "adm3_name2": null, "adm3_name3": null, "adm3_pcode": null, "adm2_name": "Ad Dis", "adm2_name1": "الديس", "adm2_name2": null, "adm2_name3": null, "adm2_pcode": "YE1914", "adm1_name": "Hadramawt", "adm1_name1": "حضرموت", "adm1_name2": null, "adm1_name3": null, "adm1_pcode": "YE19", "adm0_name": "Yemen", "adm0_name1": null, "adm0_name2": null, "adm0_name3": null, "adm0_pcode": "YE", "valid_on": "2019-11-22", "valid_to": null, "version": "v01", "lang": "en", "lang1": "ar", "lang2": null, "lang3": null }, "geometry": { "type": "Point", "coordinates": [ 49.948863184000174, 15.104745 ] } },
{ "type": "Feature", "properties": { "admin_level": 2, "name": "Ad Dohi", "name1": "الضحى", "name2": null, "name3": null, "x_coord": 43.14324339, "y_coord": 15.22131161, "adm4_name": null, "adm4_name1": null, "adm4_name2": null, "adm4_name3": null, "adm4_pcode": null, "adm3_name": null, "adm3_name1": null, "adm3_name2": null, "adm3_name3": null, "adm3_pcode": null, "adm2_name": "Ad Dohi", "adm2_name1": "الضحى", "adm2_name2": null, "adm2_name3": null, "adm2_pcode": "YE1809", "adm1_name": "Al Hodeidah", "adm1_name1": "الحديده", "adm1_name2": null, "adm1_name3": null, "adm1_pcode": "YE18", "adm0_name": "Yemen", "adm0_name1": null, "adm0_name2": null, "adm0_name3": null, "adm0_pcode": "YE", "valid_on": "2019-11-22", "valid_to": null, "version": "v01", "lang": "en", "lang1": "ar", "lang2": null, "lang3": null }, "geometry": { "type": "Point", "coordinates": [ 43.143243386000108, 15.221311611000147 ] } },
{ "type": "Feature", "properties": { "admin_level": 2, "name": "Ad Dulay'ah", "name1": "الضليعه", "name2": null, "name3": null, "x_coord": 47.9226491, "y_coord": 15.013445, "adm4_name": null, "adm4_name1": null, "adm4_name2": null, "adm4_name3": null, "adm4_pcode": null, "adm3_name": null, "adm3_name1": null, "adm3_name2": null, "adm3_name3": null, "adm3_pcode": null, "adm2_name": "Ad Dulay'ah", "adm2_name1": "الضليعه", "adm2_name2": null, "adm2_name3": null, "adm2_pcode": "YE1922", "adm1_name": "Hadramawt", "adm1_name1": "حضرموت", "adm1_name2": null, "adm1_name3": null, "adm1_pcode": "YE19", "adm0_name": "Yemen", "adm0_name1": null, "adm0_name2": null, "adm0_name3": null, "adm0_pcode": "YE", "valid_on": "2019-11-22", "valid_to": null, "version": "v01", "lang": "en", "lang1": "ar", "lang2": null, "lang3": null }, "geometry": { "type": "Point", "coordinates": [ 47.9226491, 15.013445000000104 ] } },
{ "type": "Feature", "properties": { "admin_level": 2, "name": "Ad Durayhimi", "name1": "الدريهمي", "name2": null, "name3": null, "x_coord": 43.1182421, "y_coord": 14.59979, "adm4_name": null, "adm4_name1": null, "adm4_name2": null, "adm4_name3": null, "adm4_pcode": null, "adm3_name": null, "adm3_name1": null, "adm3_name2": null, "adm3_name3": null, "adm3_pcode": null, "adm2_name": "Ad Durayhimi", "adm2_name1": "الدريهمي", "adm2_name2": null, "adm2_name3": null, "adm2_pcode": "YE1814", "adm1_name": "Al Hodeidah", "adm1_name1": "الحديده", "adm1_name2": null, "adm1_name3": null, "adm1_pcode": "YE18", "adm0_name": "Yemen", "adm0_name1": null, "adm0_name2": null, "adm0_name3": null, "adm0_pcode": "YE", "valid_on": "2019-11-22", "valid_to": null, "version": "v01", "lang": "en", "lang1": "ar", "lang2": null, "lang3": null }, "geometry": { "type": "Point", "coordinates": [ 43.118242103000171, 14.59979 ] } },
{ "type": "Feature", "properties": { "admin_level": 2, "name": "Adh Dhahir", "name1": "الظاهر", "name2": null, "name3": null, "x_coord": 43.25939106, "y_coord": 16.73935, "adm4_name": null, "adm4_name1": null, "adm4_name2": null, "adm4_name3": null, "adm4_pcode": null, "adm3_name": null, "adm3_name1": null, "adm3_name2": null, "adm3_name3": null, "adm3_pcode": null, "adm2_name": "Adh Dhahir", "adm2_name1": "الظاهر", "adm2_name2": null, "adm2_name3": null, "adm2_pcode": "YE2207", "adm1_name": "Sa'dah", "adm1_name1": "صعده", "adm1_name2": null, "adm1_name3": null, "adm1_pcode": "YE22", "adm0_name": "Yemen", "adm0_name1": null, "adm0_name2": null, "adm0_name3": null, "adm0_pcode": "YE", "valid_on": "2019-11-22", "valid_to": null, "version": "v01", "lang": "en", "lang1": "ar", "lang2": null, "lang3": null }, "geometry": { "type": "Point", "coordinates": [ 43.259391062000134, 16.739350000000115 ] } },
{ "type": "Feature", "properties": { "admin_level": 2, "name": "Adh Dhihar", "name1": "الظهار", "name2": null, "name3": null, "x_coord": 44.16106118, "y_coord": 13.97633508, "adm4_name": null, "adm4_name1": null, "adm4_name2": null, "adm4_name3": null, "adm4_pcode": null, "adm3_name": null, "adm3_name1": null, "adm3_name2": null, "adm3_name3": null, "adm3_pcode": null, "adm2_name": "Adh Dhihar", "adm2_name1": "الظهار", "adm2_name2": null, "adm2_name3": null, "adm2_pcode": "YE1119", "adm1_name": "Ibb", "adm1_name1": "اب", "adm1_name2": null, "adm1_name3": null, "adm1_pcode": "YE11", "adm0_name": "Yemen", "adm0_name1": null, "adm0_name2": null, "adm0_name3": null, "adm0_pcode": "YE", "valid_on": "2019-11-22", "valid_to": null, "version": "v01", "lang": "en", "lang1": "ar", "lang2": null, "lang3": null }, "geometry": { "type": "Point", "coordinates": [ 44.161061180000161, 13.976335078999966 ] } },
{ "type": "Feature", "properties": { "admin_level": 2, "name": "Aflah Al Yaman", "name1": "افلح اليمن", "name2": null, "name3": null, "x_coord": 43.41693849, "y_coord": 15.979495, "adm4_name": null, "adm4_name1": null, "adm4_name2": null, "adm4_name3": null, "adm4_pcode": null, "adm3_name": null, "adm3_name1": null, "adm3_name2": null, "adm3_name3": null, "adm3_pcode": null, "adm2_name": "Aflah Al Yaman", "adm2_name1": "افلح اليمن", "adm2_name2": null, "adm2_name3": null, "adm2_pcode": "YE1714", "adm1_name": "Hajjah", "adm1_name1": "حجه", "adm1_name2": null, "adm1_name3": null, "adm1_pcode": "YE17", "adm0_name": "Yemen", "adm0_name1": null, "adm0_name2": null, "adm0_name3": null, "adm0_pcode": "YE", "valid_on": "2019-11-22", "valid_to": null, "version": "v01", "lang": "en", "lang1": "ar", "lang2": null, "lang3": null }, "geometry": { "type": "Point", "coordinates": [ 43.416938487000152, 15.979495 ] } },
{ "type": "Feature", "properties": { "admin_level": 2, "name": "Aflah Ash Sham", "name1": "افلح الشام", "name2": null, "name3": null, "x_coord": 43.41942715, "y_coord": 16.05338, "adm4_name": null, "adm4_name1": null, "adm4_name2": null, "adm4_name3": null, "adm4_pcode": null, "adm3_name": null, "adm3_name1": null, "adm3_name2": null, "adm3_name3": null, "adm3_pcode": null, "adm2_name": "Aflah Ash Sham", "adm2_name1": "افلح الشام", "adm2_name2": null, "adm2_name3": null, "adm2_pcode": "YE1710", "adm1_name": "Hajjah", "adm1_name1": "حجه", "adm1_name2": null, "adm1_name3": null, "adm1_pcode": "YE17", "adm0_name": "Yemen", "adm0_name1": null, "adm0_name2": null, "adm0_name3": null, "adm0_pcode": "YE", "valid_on": "2019-11-22", "valid_to": null, "version": "v01", "lang": "en", "lang1": "ar", "lang2": null, "lang3": null }, "geometry": { "type": "Point", "coordinates": [ 43.419427146000089, 16.053380000000118 ] } },
{ "type": "Feature", "properties": { "admin_level": 2, "name": "Ahwar", "name1": "احور", "name2": null, "name3": null, "x_coord": 46.78337436, "y_coord": 13.68306, "adm4_name": null, "adm4_name1": null, "adm4_name2": null, "adm4_name3": null, "adm4_pcode": null, "adm3_name": null, "adm3_name1": null, "adm3_name2": null, "adm3_name3": null, "adm3_pcode": null, "adm2_name": "Ahwar", "adm2_name1": "احور", "adm2_name2": null, "adm2_name3": null, "adm2_pcode": "YE1209", "adm1_name": "Abyan", "adm1_name1": "ابين", "adm1_name2": null, "adm1_name3": null, "adm1_pcode": "YE12", "adm0_name": "Yemen", "adm0_name1": null, "adm0_name2": null, "adm0_name3": null, "adm0_pcode": "YE", "valid_on": "2019-11-22", "valid_to": null, "version": "v01", "lang": "en", "lang1": "ar", "lang2": null, "lang3": null }, "geometry": { "type": "Point", "coordinates": [ 46.783374362000188, 13.683060000000125 ] } },
{ "type": "Feature", "properties": { "admin_level": 2, "name": "Al Abdiyah", "name1": "العبديه", "name2": null, "name3": null, "x_coord": 45.39766388, "y_coord": 14.71669, "adm4_name": null, "adm4_name1": null, "adm4_name2": null, "adm4_name3": null, "adm4_pcode": null, "adm3_name": null, "adm3_name1": null, "adm3_name2": null, "adm3_name3": null, "adm3_pcode": null, "adm2_name": "Al Abdiyah", "adm2_name1": "العبديه", "adm2_name2": null, "adm2_name3": null, "adm2_pcode": "YE2611", "adm1_name": "Ma'rib", "adm1_name1": "مارب", "adm1_name2": null, "adm1_name3": null, "adm1_pcode": "YE26", "adm0_name": "Yemen", "adm0_name1": null, "adm0_name2": null, "adm0_name3": null, "adm0_pcode": "YE", "valid_on": "2019-11-22", "valid_to": null, "version": "v01", "lang": "en", "lang1": "ar", "lang2": null, "lang3": null }, "geometry": { "type": "Point", "coordinates": [ 45.397663884000053, 14.71669 ] } },
{ "type": "Feature", "properties": { "admin_level": 2, "name": "Al Abr", "name1": "العبر", "name2": null, "name3": null, "x_coord": 47.31720563, "y_coord": 15.92304, "adm4_name": null, "adm4_name1": null, "adm4_name2": null, "adm4_name3": null, "adm4_pcode": null, "adm3_name": null, "adm3_name1": null, "adm3_name2": null, "adm3_name3": null, "adm3_pcode": null, "adm2_name": "Al Abr", "adm2_name1": "العبر", "adm2_name2": null, "adm2_name3": null, "adm2_pcode": "YE1906", "adm1_name": "Hadramawt", "adm1_name1": "حضرموت", "adm1_name2": null, "adm1_name3": null, "adm1_pcode": "YE19", "adm0_name": "Yemen", "adm0_name1": null, "adm0_name2": null, "adm0_name3": null, "adm0_pcode": "YE", "valid_on": "2019-11-22", "valid_to": null, "version": "v01", "lang": "en", "lang1": "ar", "lang2": null, "lang3": null }, "geometry": { "type": "Point", "coordinates": [ 47.317205635000164, 15.923040000000185 ] } },
{ "type": "Feature", "properties": { "admin_level": 2, "name": "Al Arsh", "name1": "العرش", "name2": null, "name3": null, "x_coord": 44.76427318, "y_coord": 14.35901, "adm4_name": null, "adm4_name1": null, "adm4_name2": null, "adm4_name3": null, "adm4_pcode": null, "adm3_name": null, "adm3_name1": null, "adm3_name2": null, "adm3_name3": null, "adm3_pcode": null, "adm2_name": "Al Arsh", "adm2_name1": "العرش", "adm2_name2": null, "adm2_name3": null, "adm2_pcode": "YE1416", "adm1_name": "Al Bayda", "adm1_name1": "البيضاء", "adm1_name2": null, "adm1_name3": null, "adm1_pcode": "YE14", "adm0_name": "Yemen", "adm0_name1": null, "adm0_name2": null, "adm0_name3": null, "adm0_pcode": "YE", "valid_on": "2019-11-22", "valid_to": null, "version": "v01", "lang": "en", "lang1": "ar", "lang2": null, "lang3": null }, "geometry": { "type": "Point", "coordinates": [ 44.764273181000078, 14.35901 ] } },
{ "type": "Feature", "properties": { "admin_level": 2, "name": "Al Ashah", "name1": "العشه", "name2": null, "name3": null, "x_coord": 43.83866082, "y_coord": 16.334945, "adm4_name": null, "adm4_name1": null, "adm4_name2": null, "adm4_name3": null, "adm4_pcode": null, "adm3_name": null, "adm3_name1": null, "adm3_name2": null, "adm3_name3": null, "adm3_pcode": null, "adm2_name": "Al Ashah", "adm2_name1": "العشه", "adm2_name2": null, "adm2_name3": null, "adm2_pcode": "YE2903", "adm1_name": "Amran", "adm1_name1": "عمران", "adm1_name2": null, "adm1_name3": null, "adm1_pcode": "YE29", "adm0_name": "Yemen", "adm0_name1": null, "adm0_name2": null, "adm0_name3": null, "adm0_pcode": "YE", "valid_on": "2019-11-22", "valid_to": null, "version": "v01", "lang": "en", "lang1": "ar", "lang2": null, "lang3": null }, "geometry": { "type": "Point", "coordinates": [ 43.838660816000186, 16.334945000000175 ] } },
{ "type": "Feature", "properties": { "admin_level": 2, "name": "Al Azariq", "name1": "الازارق", "name2": null, "name3": null, "x_coord": 44.63038352, "y_coord": 13.64809102, "adm4_name": null, "adm4_name1": null, "adm4_name2": null, "adm4_name3": null, "adm4_pcode": null, "adm3_name": null, "adm3_name1": null, "adm3_name2": null, "adm3_name3": null, "adm3_pcode": null, "adm2_name": "Al Azariq", "adm2_name1": "الازارق", "adm2_name2": null, "adm2_name3": null, "adm2_pcode": "YE3008", "adm1_name": "Ad Dali'", "adm1_name1": "الضالع", "adm1_name2": null, "adm1_name3": null, "adm1_pcode": "YE30", "adm0_name": "Yemen", "adm0_name1": null, "adm0_name2": null, "adm0_name3": null, "adm0_pcode": "YE", "valid_on": "2019-11-22", "valid_to": null, "version": "v01", "lang": "en", "lang1": "ar", "lang2": null, "lang3": null }, "geometry": { "type": "Point", "coordinates": [ 44.630383518000031, 13.648091018000116 ] } },
{ "type": "Feature", "properties": { "admin_level": 2, "name": "Al Bayda", "name1": "البيضاء", "name2": null, "name3": null, "x_coord": 45.57061828, "y_coord": 14.06462, "adm4_name": null, "adm4_name1": null, "adm4_name2": null, "adm4_name3": null, "adm4_pcode": null, "adm3_name": null, "adm3_name1": null, "adm3_name2": null, "adm3_name3": null, "adm3_pcode": null, "adm2_name": "Al Bayda", "adm2_name1": "البيضاء", "adm2_name2": null, "adm2_name3": null, "adm2_pcode": "YE1410", "adm1_name": "Al Bayda", "adm1_name1": "البيضاء", "adm1_name2": null, "adm1_name3": null, "adm1_pcode": "YE14", "adm0_name": "Yemen", "adm0_name1": null, "adm0_name2": null, "adm0_name3": null, "adm0_pcode": "YE", "valid_on": "2019-11-22", "valid_to": null, "version": "v01", "lang": "en", "lang1": "ar", "lang2": null, "lang3": null }, "geometry": { "type": "Point", "coordinates": [ 45.570618284000034, 14.06462 ] } },
{ "type": "Feature", "properties": { "admin_level": 2, "name": "Al Bayda City", "name1": "مدينة البيضاء", "name2": null, "name3": null, "x_coord": 45.57300179, "y_coord": 13.9832837, "adm4_name": null, "adm4_name1": null, "adm4_name2": null, "adm4_name3": null, "adm4_pcode": null, "adm3_name": null, "adm3_name1": null, "adm3_name2": null, "adm3_name3": null, "adm3_pcode": null, "adm2_name": "Al Bayda City", "adm2_name1": "مدينة البيضاء", "adm2_name2": null, "adm2_name3": null, "adm2_pcode": "YE1409", "adm1_name": "Al Bayda", "adm1_name1": "البيضاء", "adm1_name2": null, "adm1_name3": null, "adm1_pcode": "YE14", "adm0_name": "Yemen", "adm0_name1": null, "adm0_name2": null, "adm0_name3": null, "adm0_pcode": "YE", "valid_on": "2019-11-22", "valid_to": null, "version": "v01", "lang": "en", "lang1": "ar", "lang2": null, "lang3": null }, "geometry": { "type": "Point", "coordinates": [ 45.573001789000159, 13.983283697000104 ] } },
{ "type": "Feature", "properties": { "admin_level": 2, "name": "Al Burayqah", "name1": "البريقه", "name2": null, "name3": null, "x_coord": 44.77095674, "y_coord": 12.79646201, "adm4_name": null, "adm4_name1": null, "adm4_name2": null, "adm4_name3": null, "adm4_pcode": null, "adm3_name": null, "adm3_name1": null, "adm3_name2": null, "adm3_name3": null, "adm3_pcode": null, "adm2_name": "Al Burayqah", "adm2_name1": "البريقه", "adm2_name2": null, "adm2_name3": null, "adm2_pcode": "YE2404", "adm1_name": "Aden", "adm1_name1": "عدن", "adm1_name2": null, "adm1_name3": null, "adm1_pcode": "YE24", "adm0_name": "Yemen", "adm0_name1": null, "adm0_name2": null, "adm0_name3": null, "adm0_pcode": "YE", "valid_on": "2019-11-22", "valid_to": null, "version": "v01", "lang": "en", "lang1": "ar", "lang2": null, "lang3": null }, "geometry": { "type": "Point", "coordinates": [ 44.770956744000046, 12.796462015000088 ] } },
{ "type": "Feature", "properties": { "admin_level": 2, "name": "Al Ghaydhah", "name1": "الغيظه", "name2": null, "name3": null, "x_coord": 52.00905663, "y_coord": 16.26382539, "adm4_name": null, "adm4_name1": null, "adm4_name2": null, "adm4_name3": null, "adm4_pcode": null, "adm3_name": null, "adm3_name1": null, "adm3_name2": null, "adm3_name3": null, "adm3_pcode": null, "adm2_name": "Al Ghaydhah", "adm2_name1": "الغيظه", "adm2_name2": null, "adm2_name3": null, "adm2_pcode": "YE2804", "adm1_name": "Al Maharah", "adm1_name1": "المهره", "adm1_name2": null, "adm1_name3": null, "adm1_pcode": "YE28", "adm0_name": "Yemen", "adm0_name1": null, "adm0_name2": null, "adm0_name3": null, "adm0_pcode": "YE", "valid_on": "2019-11-22", "valid_to": null, "version": "v01", "lang": "en", "lang1": "ar", "lang2": null, "lang3": null }, "geometry": { "type": "Point", "coordinates": [ 52.009056632000011, 16.263825390000079 ] } },
{ "type": "Feature", "properties": { "admin_level": 2, "name": "Al Ghayl", "name1": "الغيل", "name2": null, "name3": null, "x_coord": 44.69877637, "y_coord": 16.09205, "adm4_name": null, "adm4_name1": null, "adm4_name2": null, "adm4_name3": null, "adm4_pcode": null, "adm3_name": null, "adm3_name1": null, "adm3_name2": null, "adm3_name3": null, "adm3_pcode": null, "adm2_name": "Al Ghayl", "adm2_name1": "الغيل", "adm2_name2": null, "adm2_name3": null, "adm2_pcode": "YE1608", "adm1_name": "Al Jawf", "adm1_name1": "الجوف", "adm1_name2": null, "adm1_name3": null, "adm1_pcode": "YE16", "adm0_name": "Yemen", "adm0_name1": null, "adm0_name2": null, "adm0_name3": null, "adm0_pcode": "YE", "valid_on": "2019-11-22", "valid_to": null, "version": "v01", "lang": "en", "lang1": "ar", "lang2": null, "lang3": null }, "geometry": { "type": "Point", "coordinates": [ 44.698776371000179, 16.092050000000143 ] } },
{ "type": "Feature", "properties": { "admin_level": 2, "name": "Al Had", "name1": "الحد", "name2": null, "name3": null, "x_coord": 45.25432965, "y_coord": 13.95042, "adm4_name": null, "adm4_name1": null, "adm4_name2": null, "adm4_name3": null, "adm4_pcode": null, "adm3_name": null, "adm3_name1": null, "adm3_name2": null, "adm3_name3": null, "adm3_pcode": null, "adm2_name": "Al Had", "adm2_name1": "الحد", "adm2_name2": null, "adm2_name3": null, "adm2_pcode": "YE2501", "adm1_name": "Lahj", "adm1_name1": "لحج", "adm1_name2": null, "adm1_name3": null, "adm1_pcode": "YE25", "adm0_name": "Yemen", "adm0_name1": null, "adm0_name2": null, "adm0_name3": null, "adm0_pcode": "YE", "valid_on": "2019-11-22", "valid_to": null, "version": "v01", "lang": "en", "lang1": "ar", "lang2": null, "lang3": null }, "geometry": { "type": "Point", "coordinates": [ 45.254329654000173, 13.950420000000122 ] } },
{ "type": "Feature", "properties": { "admin_level": 2, "name": "Al Hada", "name1": "الحداء", "name2": null, "name3": null, "x_coord": 44.56987499, "y_coord": 14.80935, "adm4_name": null, "adm4_name1": null, "adm4_name2": null, "adm4_name3": null, "adm4_pcode": null, "adm3_name": null, "adm3_name1": null, "adm3_name2": null, "adm3_name3": null, "adm3_pcode": null, "adm2_name": "Al Hada", "adm2_name1": "الحداء", "adm2_name2": null, "adm2_name3": null, "adm2_pcode": "YE2001", "adm1_name": "Dhamar", "adm1_name1": "ذمار", "adm1_name2": null, "adm1_name3": null, "adm1_pcode": "YE20", "adm0_name": "Yemen", "adm0_name1": null, "adm0_name2": null, "adm0_name3": null, "adm0_pcode": "YE", "valid_on": "2019-11-22", "valid_to": null, "version": "v01", "lang": "en", "lang1": "ar", "lang2": null, "lang3": null }, "geometry": { "type": "Point", "coordinates": [ 44.569874992000166, 14.809350001000041 ] } },
{ "type": "Feature", "properties": { "admin_level": 2, "name": "Al Hali", "name1": "الحالي", "name2": null, "name3": null, "x_coord": 42.9931015, "y_coord": 14.78816468, "adm4_name": null, "adm4_name1": null, "adm4_name2": null, "adm4_name3": null, "adm4_pcode": null, "adm3_name": null, "adm3_name1": null, "adm3_name2": null, "adm3_name3": null, "adm3_pcode": null, "adm2_name": "Al Hali", "adm2_name1": "الحالي", "adm2_name2": null, "adm2_name3": null, "adm2_pcode": "YE1823", "adm1_name": "Al Hodeidah", "adm1_name1": "الحديده", "adm1_name2": null, "adm1_name3": null, "adm1_pcode": "YE18", "adm0_name": "Yemen", "adm0_name1": null, "adm0_name2": null, "adm0_name3": null, "adm0_pcode": "YE", "valid_on": "2019-11-22", "valid_to": null, "version": "v01", "lang": "en", "lang1": "ar", "lang2": null, "lang3": null }, "geometry": { "type": "Point", "coordinates": [ 42.993101503, 14.788164681000069 ] } },
{ "type": "Feature", "properties": { "admin_level": 2, "name": "Al Hasayn", "name1": "الحصين", "name2": null, "name3": null, "x_coord": 44.80823945, "y_coord": 13.79056, "adm4_name": null, "adm4_name1": null, "adm4_name2": null, "adm4_name3": null, "adm4_pcode": null, "adm3_name": null, "adm3_name1": null, "adm3_name2": null, "adm3_name3": null, "adm3_pcode": null, "adm2_name": "Al Hasayn", "adm2_name1": "الحصين", "adm2_name2": null, "adm2_name3": null, "adm2_pcode": "YE3005", "adm1_name": "Ad Dali'", "adm1_name1": "الضالع", "adm1_name2": null, "adm1_name3": null, "adm1_pcode": "YE30", "adm0_name": "Yemen", "adm0_name1": null, "adm0_name2": null, "adm0_name3": null, "adm0_pcode": "YE", "valid_on": "2019-11-22", "valid_to": null, "version": "v01", "lang": "en", "lang1": "ar", "lang2": null, "lang3": null }, "geometry": { "type": "Point", "coordinates": [ 44.808239445000083, 13.790560001000074 ] } },
{ "type": "Feature", "properties": { "admin_level": 2, "name": "Al Hashwah", "name1": "الحشوه", "name2": null, "name3": null, "x_coord": 44.25945982, "y_coord": 16.916435, "adm4_name": null, "adm4_name1": null, "adm4_name2": null, "adm4_name3": null, "adm4_pcode": null, "adm3_name": null, "adm3_name1": null, "adm3_name2": null, "adm3_name3": null, "adm3_pcode": null, "adm2_name": "Al Hashwah", "adm2_name1": "الحشوه", "adm2_name2": null, "adm2_name3": null, "adm2_pcode": "YE2213", "adm1_name": "Sa'dah", "adm1_name1": "صعده", "adm1_name2": null, "adm1_name3": null, "adm1_pcode": "YE22", "adm0_name": "Yemen", "adm0_name1": null, "adm0_name2": null, "adm0_name3": null, "adm0_pcode": "YE", "valid_on": "2019-11-22", "valid_to": null, "version": "v01", "lang": "en", "lang1": "ar", "lang2": null, "lang3": null }, "geometry": { "type": "Point", "coordinates": [ 44.259459818000096, 16.916435 ] } },
{ "type": "Feature", "properties": { "admin_level": 2, "name": "Al Hawak", "name1": "الحوك", "name2": null, "name3": null, "x_coord": 42.9691254, "y_coord": 14.75120362, "adm4_name": null, "adm4_name1": null, "adm4_name2": null, "adm4_name3": null, "adm4_pcode": null, "adm3_name": null, "adm3_name1": null, "adm3_name2": null, "adm3_name3": null, "adm3_pcode": null, "adm2_name": "Al Hawak", "adm2_name1": "الحوك", "adm2_name2": null, "adm2_name3": null, "adm2_pcode": "YE1821", "adm1_name": "Al Hodeidah", "adm1_name1": "الحديده", "adm1_name2": null, "adm1_name3": null, "adm1_pcode": "YE18", "adm0_name": "Yemen", "adm0_name1": null, "adm0_name2": null, "adm0_name3": null, "adm0_pcode": "YE", "valid_on": "2019-11-22", "valid_to": null, "version": "v01", "lang": "en", "lang1": "ar", "lang2": null, "lang3": null }, "geometry": { "type": "Point", "coordinates": [ 42.969125399000063, 14.751203616 ] } },
{ "type": "Feature", "properties": { "admin_level": 2, "name": "Al Hawtah", "name1": "الحوطه", "name2": null, "name3": null, "x_coord": 44.87797018, "y_coord": 13.060745, "adm4_name": null, "adm4_name1": null, "adm4_name2": null, "adm4_name3": null, "adm4_pcode": null, "adm3_name": null, "adm3_name1": null, "adm3_name2": null, "adm3_name3": null, "adm3_pcode": null, "adm2_name": "Al Hawtah", "adm2_name1": "الحوطه", "adm2_name2": null, "adm2_name3": null, "adm2_pcode": "YE2514", "adm1_name": "Lahj", "adm1_name1": "لحج", "adm1_name2": null, "adm1_name3": null, "adm1_pcode": "YE25", "adm0_name": "Yemen", "adm0_name1": null, "adm0_name2": null, "adm0_name3": null, "adm0_pcode": "YE", "valid_on": "2019-11-22", "valid_to": null, "version": "v01", "lang": "en", "lang1": "ar", "lang2": null, "lang3": null }, "geometry": { "type": "Point", "coordinates": [ 44.877970184000105, 13.060745000000111 ] } },
{ "type": "Feature", "properties": { "admin_level": 2, "name": "Al Haymah Ad Dakhiliyah", "name1": "الحيمة الداخليه", "name2": null, "name3": null, "x_coord": 43.833649, "y_coord": 15.2758, "adm4_name": null, "adm4_name1": null, "adm4_name2": null, "adm4_name3": null, "adm4_pcode": null, "adm3_name": null, "adm3_name1": null, "adm3_name2": null, "adm3_name3": null, "adm3_pcode": null, "adm2_name": "Al Haymah Ad Dakhiliyah", "adm2_name1": "الحيمة الداخليه", "adm2_name2": null, "adm2_name3": null, "adm2_pcode": "YE2308", "adm1_name": "Sana'a", "adm1_name1": "صنعاء", "adm1_name2": null, "adm1_name3": null, "adm1_pcode": "YE23", "adm0_name": "Yemen", "adm0_name1": null, "adm0_name2": null, "adm0_name3": null, "adm0_pcode": "YE", "valid_on": "2019-11-22", "valid_to": null, "version": "v01", "lang": "en", "lang1": "ar", "lang2": null, "lang3": null }, "geometry": { "type": "Point", "coordinates": [ 43.833648996000079, 15.2758 ] } },
{ "type": "Feature", "properties": { "admin_level": 2, "name": "Al Haymah Al Kharijiyah", "name1": "الحيمة الخارجيه", "name2": null, "name3": null, "x_coord": 43.88686239, "y_coord": 15.02958, "adm4_name": null, "adm4_name1": null, "adm4_name2": null, "adm4_name3": null, "adm4_pcode": null, "adm3_name": null, "adm3_name1": null, "adm3_name2": null, "adm3_name3": null, "adm3_pcode": null, "adm2_name": "Al Haymah Al Kharijiyah", "adm2_name1": "الحيمة الخارجيه", "adm2_name2": null, "adm2_name3": null, "adm2_pcode": "YE2309", "adm1_name": "Sana'a", "adm1_name1": "صنعاء", "adm1_name2": null, "adm1_name3": null, "adm1_pcode": "YE23", "adm0_name": "Yemen", "adm0_name1": null, "adm0_name2": null, "adm0_name3": null, "adm0_pcode": "YE", "valid_on": "2019-11-22", "valid_to": null, "version": "v01", "lang": "en", "lang1": "ar", "lang2": null, "lang3": null }, "geometry": { "type": "Point", "coordinates": [ 43.886862386000132, 15.02958 ] } },
{ "type": "Feature", "properties": { "admin_level": 2, "name": "Al Hazm", "name1": "الحزم", "name2": null, "name3": null, "x_coord": 45.03069243, "y_coord": 16.07834, "adm4_name": null, "adm4_name1": null, "adm4_name2": null, "adm4_name3": null, "adm4_pcode": null, "adm3_name": null, "adm3_name1": null, "adm3_name2": null, "adm3_name3": null, "adm3_pcode": null, "adm2_name": "Al Hazm", "adm2_name1": "الحزم", "adm2_name2": null, "adm2_name3": null, "adm2_pcode": "YE1605", "adm1_name": "Al Jawf", "adm1_name1": "الجوف", "adm1_name2": null, "adm1_name3": null, "adm1_pcode": "YE16", "adm0_name": "Yemen", "adm0_name1": null, "adm0_name2": null, "adm0_name3": null, "adm0_pcode": "YE", "valid_on": "2019-11-22", "valid_to": null, "version": "v01", "lang": "en", "lang1": "ar", "lang2": null, "lang3": null }, "geometry": { "type": "Point", "coordinates": [ 45.030692426000144, 16.078340000000139 ] } },
{ "type": "Feature", "properties": { "admin_level": 2, "name": "Al Hissn", "name1": "الحصن", "name2": null, "name3": null, "x_coord": 44.50347759, "y_coord": 15.02054685, "adm4_name": null, "adm4_name1": null, "adm4_name2": null, "adm4_name3": null, "adm4_pcode": null, "adm3_name": null, "adm3_name1": null, "adm3_name2": null, "adm3_name3": null, "adm3_pcode": null, "adm2_name": "Al Hissn", "adm2_name1": "الحصن", "adm2_name2": null, "adm2_name3": null, "adm2_pcode": "YE2315", "adm1_name": "Sana'a", "adm1_name1": "صنعاء", "adm1_name2": null, "adm1_name3": null, "adm1_pcode": "YE23", "adm0_name": "Yemen", "adm0_name1": null, "adm0_name2": null, "adm0_name3": null, "adm0_pcode": "YE", "valid_on": "2019-11-22", "valid_to": null, "version": "v01", "lang": "en", "lang1": "ar", "lang2": null, "lang3": null }, "geometry": { "type": "Point", "coordinates": [ 44.503477589000056, 15.020546848000095 ] } },
{ "type": "Feature", "properties": { "admin_level": 2, "name": "Al Hujjaylah", "name1": "الحجيله", "name2": null, "name3": null, "x_coord": 43.58844301, "y_coord": 14.98772074, "adm4_name": null, "adm4_name1": null, "adm4_name2": null, "adm4_name3": null, "adm4_pcode": null, "adm3_name": null, "adm3_name1": null, "adm3_name2": null, "adm3_name3": null, "adm3_pcode": null, "adm2_name": "Al Hujjaylah", "adm2_name1": "الحجيله", "adm2_name2": null, "adm2_name3": null, "adm2_pcode": "YE1811", "adm1_name": "Al Hodeidah", "adm1_name1": "الحديده", "adm1_name2": null, "adm1_name3": null, "adm1_pcode": "YE18", "adm0_name": "Yemen", "adm0_name1": null, "adm0_name2": null, "adm0_name3": null, "adm0_pcode": "YE", "valid_on": "2019-11-22", "valid_to": null, "version": "v01", "lang": "en", "lang1": "ar", "lang2": null, "lang3": null }, "geometry": { "type": "Point", "coordinates": [ 43.58844300700008, 14.987720737000188 ] } },
{ "type": "Feature", "properties": { "admin_level": 2, "name": "Al Humaydat", "name1": "الحميدات", "name2": null, "name3": null, "x_coord": 44.39749057, "y_coord": 16.46744968, "adm4_name": null, "adm4_name1": null, "adm4_name2": null, "adm4_name3": null, "adm4_pcode": null, "adm3_name": null, "adm3_name1": null, "adm3_name2": null, "adm3_name3": null, "adm3_pcode": null, "adm2_name": "Al Humaydat", "adm2_name1": "الحميدات", "adm2_name2": null, "adm2_name3": null, "adm2_pcode": "YE1602", "adm1_name": "Al Jawf", "adm1_name1": "الجوف", "adm1_name2": null, "adm1_name3": null, "adm1_pcode": "YE16", "adm0_name": "Yemen", "adm0_name1": null, "adm0_name2": null, "adm0_name3": null, "adm0_pcode": "YE", "valid_on": "2019-11-22", "valid_to": null, "version": "v01", "lang": "en", "lang1": "ar", "lang2": null, "lang3": null }, "geometry": { "type": "Point", "coordinates": [ 44.397490574000074, 16.467449675000069 ] } },
{ "type": "Feature", "properties": { "admin_level": 2, "name": "Al Husha", "name1": "الحشاء", "name2": null, "name3": null, "x_coord": 44.48004634, "y_coord": 13.752535, "adm4_name": null, "adm4_name1": null, "adm4_name2": null, "adm4_name3": null, "adm4_pcode": null, "adm3_name": null, "adm3_name1": null, "adm3_name2": null, "adm3_name3": null, "adm3_pcode": null, "adm2_name": "Al Husha", "adm2_name1": "الحشاء", "adm2_name2": null, "adm2_name3": null, "adm2_pcode": "YE3009", "adm1_name": "Ad Dali'", "adm1_name1": "الضالع", "adm1_name2": null, "adm1_name3": null, "adm1_pcode": "YE30", "adm0_name": "Yemen", "adm0_name1": null, "adm0_name2": null, "adm0_name3": null, "adm0_pcode": "YE", "valid_on": "2019-11-22", "valid_to": null, "version": "v01", "lang": "en", "lang1": "ar", "lang2": null, "lang3": null }, "geometry": { "type": "Point", "coordinates": [ 44.480046342000151, 13.752535 ] } },
{ "type": "Feature", "properties": { "admin_level": 2, "name": "Al Ja'fariyyah", "name1": "الجعفريه", "name2": null, "name3": null, "x_coord": 43.57069148, "y_coord": 14.514605, "adm4_name": null, "adm4_name1": null, "adm4_name2": null, "adm4_name3": null, "adm4_pcode": null, "adm3_name": null, "adm3_name1": null, "adm3_name2": null, "adm3_name3": null, "adm3_pcode": null, "adm2_name": "Al Ja'fariyyah", "adm2_name1": "الجعفريه", "adm2_name2": null, "adm2_name3": null, "adm2_pcode": "YE3106", "adm1_name": "Raymah", "adm1_name1": "ريمه", "adm1_name2": null, "adm1_name3": null, "adm1_pcode": "YE31", "adm0_name": "Yemen", "adm0_name1": null, "adm0_name2": null, "adm0_name3": null, "adm0_pcode": "YE", "valid_on": "2019-11-22", "valid_to": null, "version": "v01", "lang": "en", "lang1": "ar", "lang2": null, "lang3": null }, "geometry": { "type": "Point", "coordinates": [ 43.570691479000175, 14.514605 ] } },
{ "type": "Feature", "properties": { "admin_level": 2, "name": "Al Jabin", "name1": "الجبين", "name2": null, "name3": null, "x_coord": 43.61689202, "y_coord": 14.691035, "adm4_name": null, "adm4_name1": null, "adm4_name2": null, "adm4_name3": null, "adm4_pcode": null, "adm3_name": null, "adm3_name1": null, "adm3_name2": null, "adm3_name3": null, "adm3_pcode": null, "adm2_name": "Al Jabin", "adm2_name1": "الجبين", "adm2_name2": null, "adm2_name3": null, "adm2_pcode": "YE3103", "adm1_name": "Raymah", "adm1_name1": "ريمه", "adm1_name2": null, "adm1_name3": null, "adm1_pcode": "YE31", "adm0_name": "Yemen", "adm0_name1": null, "adm0_name2": null, "adm0_name3": null, "adm0_pcode": "YE", "valid_on": "2019-11-22", "valid_to": null, "version": "v01", "lang": "en", "lang1": "ar", "lang2": null, "lang3": null }, "geometry": { "type": "Point", "coordinates": [ 43.61689201900009, 14.691035 ] } },
{ "type": "Feature", "properties": { "admin_level": 2, "name": "Al Jamimah", "name1": "الجميمه", "name2": null, "name3": null, "x_coord": 43.55590504, "y_coord": 16.03074, "adm4_name": null, "adm4_name1": null, "adm4_name2": null, "adm4_name3": null, "adm4_pcode": null, "adm3_name": null, "adm3_name1": null, "adm3_name2": null, "adm3_name3": null, "adm3_pcode": null, "adm2_name": "Al Jamimah", "adm2_name1": "الجميمه", "adm2_name2": null, "adm2_name3": null, "adm2_pcode": "YE1708", "adm1_name": "Hajjah", "adm1_name1": "حجه", "adm1_name2": null, "adm1_name3": null, "adm1_pcode": "YE17", "adm0_name": "Yemen", "adm0_name1": null, "adm0_name2": null, "adm0_name3": null, "adm0_pcode": "YE", "valid_on": "2019-11-22", "valid_to": null, "version": "v01", "lang": "en", "lang1": "ar", "lang2": null, "lang3": null }, "geometry": { "type": "Point", "coordinates": [ 43.555905041000074, 16.03074 ] } },
{ "type": "Feature", "properties": { "admin_level": 2, "name": "Al Jarrahi", "name1": "الجراحي", "name2": null, "name3": null, "x_coord": 43.37836712, "y_coord": 14.10302, "adm4_name": null, "adm4_name1": null, "adm4_name2": null, "adm4_name3": null, "adm4_pcode": null, "adm3_name": null, "adm3_name1": null, "adm3_name2": null, "adm3_name3": null, "adm3_pcode": null, "adm2_name": "Al Jarrahi", "adm2_name1": "الجراحي", "adm2_name2": null, "adm2_name3": null, "adm2_pcode": "YE1825", "adm1_name": "Al Hodeidah", "adm1_name1": "الحديده", "adm1_name2": null, "adm1_name3": null, "adm1_pcode": "YE18", "adm0_name": "Yemen", "adm0_name1": null, "adm0_name2": null, "adm0_name3": null, "adm0_pcode": "YE", "valid_on": "2019-11-22", "valid_to": null, "version": "v01", "lang": "en", "lang1": "ar", "lang2": null, "lang3": null }, "geometry": { "type": "Point", "coordinates": [ 43.378367123000146, 14.103020000000129 ] } },
{ "type": "Feature", "properties": { "admin_level": 2, "name": "Al Jubah", "name1": "الجوبه", "name2": null, "name3": null, "x_coord": 45.28299755, "y_coord": 15.14008, "adm4_name": null, "adm4_name1": null, "adm4_name2": null, "adm4_name3": null, "adm4_pcode": null, "adm3_name": null, "adm3_name1": null, "adm3_name2": null, "adm3_name3": null, "adm3_pcode": null, "adm2_name": "Al Jubah", "adm2_name1": "الجوبه", "adm2_name2": null, "adm2_name3": null, "adm2_pcode": "YE2607", "adm1_name": "Ma'rib", "adm1_name1": "مارب", "adm1_name2": null, "adm1_name3": null, "adm1_pcode": "YE26", "adm0_name": "Yemen", "adm0_name1": null, "adm0_name2": null, "adm0_name3": null, "adm0_pcode": "YE", "valid_on": "2019-11-22", "valid_to": null, "version": "v01", "lang": "en", "lang1": "ar", "lang2": null, "lang3": null }, "geometry": { "type": "Point", "coordinates": [ 45.282997546, 15.140080000000125 ] } },
{ "type": "Feature", "properties": { "admin_level": 2, "name": "Al Khabt", "name1": "الخبت", "name2": null, "name3": null, "x_coord": 43.3630493, "y_coord": 15.486565, "adm4_name": null, "adm4_name1": null, "adm4_name2": null, "adm4_name3": null, "adm4_pcode": null, "adm3_name": null, "adm3_name1": null, "adm3_name2": null, "adm3_name3": null, "adm3_pcode": null, "adm2_name": "Al Khabt", "adm2_name1": "الخبت", "adm2_name2": null, "adm2_name3": null, "adm2_pcode": "YE2704", "adm1_name": "Al Mahwit", "adm1_name1": "المحويت", "adm1_name2": null, "adm1_name3": null, "adm1_pcode": "YE27", "adm0_name": "Yemen", "adm0_name1": null, "adm0_name2": null, "adm0_name3": null, "adm0_pcode": "YE", "valid_on": "2019-11-22", "valid_to": null, "version": "v01", "lang": "en", "lang1": "ar", "lang2": null, "lang3": null }, "geometry": { "type": "Point", "coordinates": [ 43.36304930100016, 15.486565001000031 ] } },
{ "type": "Feature", "properties": { "admin_level": 2, "name": "Al Khalaq", "name1": "الخلق", "name2": null, "name3": null, "x_coord": 44.79922844, "y_coord": 16.067345, "adm4_name": null, "adm4_name1": null, "adm4_name2": null, "adm4_name3": null, "adm4_pcode": null, "adm3_name": null, "adm3_name1": null, "adm3_name2": null, "adm3_name3": null, "adm3_pcode": null, "adm2_name": "Al Khalaq", "adm2_name1": "الخلق", "adm2_name2": null, "adm2_name3": null, "adm2_pcode": "YE1609", "adm1_name": "Al Jawf", "adm1_name1": "الجوف", "adm1_name2": null, "adm1_name3": null, "adm1_pcode": "YE16", "adm0_name": "Yemen", "adm0_name1": null, "adm0_name2": null, "adm0_name3": null, "adm0_pcode": "YE", "valid_on": "2019-11-22", "valid_to": null, "version": "v01", "lang": "en", "lang1": "ar", "lang2": null, "lang3": null }, "geometry": { "type": "Point", "coordinates": [ 44.799228444000164, 16.067345000000103 ] } },
{ "type": "Feature", "properties": { "admin_level": 2, "name": "Al Khukhah", "name1": "الخوخه", "name2": null, "name3": null, "x_coord": 43.35518879, "y_coord": 13.81245077, "adm4_name": null, "adm4_name1": null, "adm4_name2": null, "adm4_name3": null, "adm4_pcode": null, "adm3_name": null, "adm3_name1": null, "adm3_name2": null, "adm3_name3": null, "adm3_pcode": null, "adm2_name": "Al Khukhah", "adm2_name1": "الخوخه", "adm2_name2": null, "adm2_name3": null, "adm2_pcode": "YE1820", "adm1_name": "Al Hodeidah", "adm1_name1": "الحديده", "adm1_name2": null, "adm1_name3": null, "adm1_pcode": "YE18", "adm0_name": "Yemen", "adm0_name1": null, "adm0_name2": null, "adm0_name3": null, "adm0_pcode": "YE", "valid_on": "2019-11-22", "valid_to": null, "version": "v01", "lang": "en", "lang1": "ar", "lang2": null, "lang3": null }, "geometry": { "type": "Point", "coordinates": [ 43.355188792000035, 13.812450772000034 ] } },
{ "type": "Feature", "properties": { "admin_level": 2, "name": "Al Ma'afer", "name1": "المعافر", "name2": null, "name3": null, "x_coord": 43.99274996, "y_coord": 13.375645, "adm4_name": null, "adm4_name1": null, "adm4_name2": null, "adm4_name3": null, "adm4_pcode": null, "adm3_name": null, "adm3_name1": null, "adm3_name2": null, "adm3_name3": null, "adm3_pcode": null, "adm2_name": "Al Ma'afer", "adm2_name1": "المعافر", "adm2_name2": null, "adm2_name3": null, "adm2_pcode": "YE1521", "adm1_name": "Ta'iz", "adm1_name1": "تعز", "adm1_name2": null, "adm1_name3": null, "adm1_pcode": "YE15", "adm0_name": "Yemen", "adm0_name1": null, "adm0_name2": null, "adm0_name3": null, "adm0_pcode": "YE", "valid_on": "2019-11-22", "valid_to": null, "version": "v01", "lang": "en", "lang1": "ar", "lang2": null, "lang3": null }, "geometry": { "type": "Point", "coordinates": [ 43.992749964000097, 13.375645000000134 ] } },
{ "type": "Feature", "properties": { "admin_level": 2, "name": "Al Madan", "name1": "المدان", "name2": null, "name3": null, "x_coord": 43.63668667, "y_coord": 16.23211, "adm4_name": null, "adm4_name1": null, "adm4_name2": null, "adm4_name3": null, "adm4_pcode": null, "adm3_name": null, "adm3_name1": null, "adm3_name2": null, "adm3_name3": null, "adm3_pcode": null, "adm2_name": "Al Madan", "adm2_name1": "المدان", "adm2_name2": null, "adm2_name3": null, "adm2_pcode": "YE2906", "adm1_name": "Amran", "adm1_name1": "عمران", "adm1_name2": null, "adm1_name3": null, "adm1_pcode": "YE29", "adm0_name": "Yemen", "adm0_name1": null, "adm0_name2": null, "adm0_name3": null, "adm0_pcode": "YE", "valid_on": "2019-11-22", "valid_to": null, "version": "v01", "lang": "en", "lang1": "ar", "lang2": null, "lang3": null }, "geometry": { "type": "Point", "coordinates": [ 43.636686670000188, 16.232110001000081 ] } },
{ "type": "Feature", "properties": { "admin_level": 2, "name": "Al Madaribah Wa Al Aarah", "name1": "المضاربة و العاره", "name2": null, "name3": null, "x_coord": 43.97013697, "y_coord": 12.8693547, "adm4_name": null, "adm4_name1": null, "adm4_name2": null, "adm4_name3": null, "adm4_pcode": null, "adm3_name": null, "adm3_name1": null, "adm3_name2": null, "adm3_name3": null, "adm3_pcode": null, "adm2_name": "Al Madaribah Wa Al Aarah", "adm2_name1": "المضاربة و العاره", "adm2_name2": null, "adm2_name3": null, "adm2_pcode": "YE2513", "adm1_name": "Lahj", "adm1_name1": "لحج", "adm1_name2": null, "adm1_name3": null, "adm1_pcode": "YE25", "adm0_name": "Yemen", "adm0_name1": null, "adm0_name2": null, "adm0_name3": null, "adm0_pcode": "YE", "valid_on": "2019-11-22", "valid_to": null, "version": "v01", "lang": "en", "lang1": "ar", "lang2": null, "lang3": null }, "geometry": { "type": "Point", "coordinates": [ 43.970136968000133, 12.869354704000102 ] } },
{ "type": "Feature", "properties": { "admin_level": 2, "name": "Al Maflahi", "name1": "المفلحي", "name2": null, "name3": null, "x_coord": 45.13941578, "y_coord": 13.78366998, "adm4_name": null, "adm4_name1": null, "adm4_name2": null, "adm4_name3": null, "adm4_pcode": null, "adm3_name": null, "adm3_name1": null, "adm3_name2": null, "adm3_name3": null, "adm3_pcode": null, "adm2_name": "Al Maflahi", "adm2_name1": "المفلحي", "adm2_name2": null, "adm2_name3": null, "adm2_pcode": "YE2503", "adm1_name": "Lahj", "adm1_name1": "لحج", "adm1_name2": null, "adm1_name3": null, "adm1_pcode": "YE25", "adm0_name": "Yemen", "adm0_name1": null, "adm0_name2": null, "adm0_name3": null, "adm0_pcode": "YE", "valid_on": "2019-11-22", "valid_to": null, "version": "v01", "lang": "en", "lang1": "ar", "lang2": null, "lang3": null }, "geometry": { "type": "Point", "coordinates": [ 45.139415780000093, 13.78366997500018 ] } },
{ "type": "Feature", "properties": { "admin_level": 2, "name": "Al Maghrabah", "name1": "المغربه", "name2": null, "name3": null, "x_coord": 43.61755275, "y_coord": 15.90197, "adm4_name": null, "adm4_name1": null, "adm4_name2": null, "adm4_name3": null, "adm4_pcode": null, "adm3_name": null, "adm3_name1": null, "adm3_name2": null, "adm3_name3": null, "adm3_pcode": null, "adm2_name": "Al Maghrabah", "adm2_name1": "المغربه", "adm2_name2": null, "adm2_name3": null, "adm2_pcode": "YE1717", "adm1_name": "Hajjah", "adm1_name1": "حجه", "adm1_name2": null, "adm1_name3": null, "adm1_pcode": "YE17", "adm0_name": "Yemen", "adm0_name1": null, "adm0_name2": null, "adm0_name3": null, "adm0_pcode": "YE", "valid_on": "2019-11-22", "valid_to": null, "version": "v01", "lang": "en", "lang1": "ar", "lang2": null, "lang3": null }, "geometry": { "type": "Point", "coordinates": [ 43.617552754000144, 15.901970000000176 ] } },
{ "type": "Feature", "properties": { "admin_level": 2, "name": "Al Mahabishah", "name1": "المحابشه", "name2": null, "name3": null, "x_coord": 43.46693237, "y_coord": 15.924145, "adm4_name": null, "adm4_name1": null, "adm4_name2": null, "adm4_name3": null, "adm4_pcode": null, "adm3_name": null, "adm3_name1": null, "adm3_name2": null, "adm3_name3": null, "adm3_pcode": null, "adm2_name": "Al Mahabishah", "adm2_name1": "المحابشه", "adm2_name2": null, "adm2_name3": null, "adm2_pcode": "YE1715", "adm1_name": "Hajjah", "adm1_name1": "حجه", "adm1_name2": null, "adm1_name3": null, "adm1_pcode": "YE17", "adm0_name": "Yemen", "adm0_name1": null, "adm0_name2": null, "adm0_name3": null, "adm0_pcode": "YE", "valid_on": "2019-11-22", "valid_to": null, "version": "v01", "lang": "en", "lang1": "ar", "lang2": null, "lang3": null }, "geometry": { "type": "Point", "coordinates": [ 43.46693236800013, 15.924145000000124 ] } },
{ "type": "Feature", "properties": { "admin_level": 2, "name": "Al Mahfad", "name1": "المحفد", "name2": null, "name3": null, "x_coord": 46.79243374, "y_coord": 14.010065, "adm4_name": null, "adm4_name1": null, "adm4_name2": null, "adm4_name3": null, "adm4_pcode": null, "adm3_name": null, "adm3_name1": null, "adm3_name2": null, "adm3_name3": null, "adm3_pcode": null, "adm2_name": "Al Mahfad", "adm2_name1": "المحفد", "adm2_name2": null, "adm2_name3": null, "adm2_pcode": "YE1201", "adm1_name": "Abyan", "adm1_name1": "ابين", "adm1_name2": null, "adm1_name3": null, "adm1_pcode": "YE12", "adm0_name": "Yemen", "adm0_name1": null, "adm0_name2": null, "adm0_name3": null, "adm0_pcode": "YE", "valid_on": "2019-11-22", "valid_to": null, "version": "v01", "lang": "en", "lang1": "ar", "lang2": null, "lang3": null }, "geometry": { "type": "Point", "coordinates": [ 46.79243373700001, 14.010064999000178 ] } },
{ "type": "Feature", "properties": { "admin_level": 2, "name": "Al Mahwit", "name1": "المحويت", "name2": null, "name3": null, "x_coord": 43.56124005, "y_coord": 15.410925, "adm4_name": null, "adm4_name1": null, "adm4_name2": null, "adm4_name3": null, "adm4_pcode": null, "adm3_name": null, "adm3_name1": null, "adm3_name2": null, "adm3_name3": null, "adm3_pcode": null, "adm2_name": "Al Mahwit", "adm2_name1": "المحويت", "adm2_name2": null, "adm2_name3": null, "adm2_pcode": "YE2709", "adm1_name": "Al Mahwit", "adm1_name1": "المحويت", "adm1_name2": null, "adm1_name3": null, "adm1_pcode": "YE27", "adm0_name": "Yemen", "adm0_name1": null, "adm0_name2": null, "adm0_name3": null, "adm0_pcode": "YE", "valid_on": "2019-11-22", "valid_to": null, "version": "v01", "lang": "en", "lang1": "ar", "lang2": null, "lang3": null }, "geometry": { "type": "Point", "coordinates": [ 43.561240052000187, 15.410925000000134 ] } },
{ "type": "Feature", "properties": { "admin_level": 2, "name": "Al Mahwit City", "name1": "مدينة المحويت", "name2": null, "name3": null, "x_coord": 43.54611534, "y_coord": 15.462465, "adm4_name": null, "adm4_name1": null, "adm4_name2": null, "adm4_name3": null, "adm4_pcode": null, "adm3_name": null, "adm3_name1": null, "adm3_name2": null, "adm3_name3": null, "adm3_pcode": null, "adm2_name": "Al Mahwit City", "adm2_name1": "مدينة المحويت", "adm2_name2": null, "adm2_name3": null, "adm2_pcode": "YE2708", "adm1_name": "Al Mahwit", "adm1_name1": "المحويت", "adm1_name2": null, "adm1_name3": null, "adm1_pcode": "YE27", "adm0_name": "Yemen", "adm0_name1": null, "adm0_name2": null, "adm0_name3": null, "adm0_pcode": "YE", "valid_on": "2019-11-22", "valid_to": null, "version": "v01", "lang": "en", "lang1": "ar", "lang2": null, "lang3": null }, "geometry": { "type": "Point", "coordinates": [ 43.54611533800005, 15.462465 ] } },
{ "type": "Feature", "properties": { "admin_level": 2, "name": "Al Makha", "name1": "المخاء", "name2": null, "name3": null, "x_coord": 43.3696361, "y_coord": 13.52180633, "adm4_name": null, "adm4_name1": null, "adm4_name2": null, "adm4_name3": null, "adm4_pcode": null, "adm3_name": null, "adm3_name1": null, "adm3_name2": null, "adm3_name3": null, "adm3_pcode": null, "adm2_name": "Al Makha", "adm2_name1": "المخاء", "adm2_name2": null, "adm2_name3": null, "adm2_pcode": "YE1505", "adm1_name": "Ta'iz", "adm1_name1": "تعز", "adm1_name2": null, "adm1_name3": null, "adm1_pcode": "YE15", "adm0_name": "Yemen", "adm0_name1": null, "adm0_name2": null, "adm0_name3": null, "adm0_pcode": "YE", "valid_on": "2019-11-22", "valid_to": null, "version": "v01", "lang": "en", "lang1": "ar", "lang2": null, "lang3": null }, "geometry": { "type": "Point", "coordinates": [ 43.369636105000154, 13.521806327000093 ] } },
{ "type": "Feature", "properties": { "admin_level": 2, "name": "Al Makhadir", "name1": "المخادر", "name2": null, "name3": null, "x_coord": 44.2055743, "y_coord": 14.14071236, "adm4_name": null, "adm4_name1": null, "adm4_name2": null, "adm4_name3": null, "adm4_pcode": null, "adm3_name": null, "adm3_name1": null, "adm3_name2": null, "adm3_name3": null, "adm3_pcode": null, "adm2_name": "Al Makhadir", "adm2_name1": "المخادر", "adm2_name2": null, "adm2_name3": null, "adm2_pcode": "YE1107", "adm1_name": "Ibb", "adm1_name1": "اب", "adm1_name2": null, "adm1_name3": null, "adm1_pcode": "YE11", "adm0_name": "Yemen", "adm0_name1": null, "adm0_name2": null, "adm0_name3": null, "adm0_pcode": "YE", "valid_on": "2019-11-22", "valid_to": null, "version": "v01", "lang": "en", "lang1": "ar", "lang2": null, "lang3": null }, "geometry": { "type": "Point", "coordinates": [ 44.205574304999971, 14.140712363000148 ] } },
{ "type": "Feature", "properties": { "admin_level": 2, "name": "Al Malah", "name1": "الملاح", "name2": null, "name3": null, "x_coord": 44.9405881, "y_coord": 13.37914762, "adm4_name": null, "adm4_name1": null, "adm4_name2": null, "adm4_name3": null, "adm4_pcode": null, "adm3_name": null, "adm3_name1": null, "adm3_name2": null, "adm3_name3": null, "adm3_pcode": null, "adm2_name": "Al Malah", "adm2_name1": "الملاح", "adm2_name2": null, "adm2_name3": null, "adm2_pcode": "YE2508", "adm1_name": "Lahj", "adm1_name1": "لحج", "adm1_name2": null, "adm1_name3": null, "adm1_pcode": "YE25", "adm0_name": "Yemen", "adm0_name1": null, "adm0_name2": null, "adm0_name3": null, "adm0_pcode": "YE", "valid_on": "2019-11-22", "valid_to": null, "version": "v01", "lang": "en", "lang1": "ar", "lang2": null, "lang3": null }, "geometry": { "type": "Point", "coordinates": [ 44.94058810000007, 13.379147623000165 ] } },
{ "type": "Feature", "properties": { "admin_level": 2, "name": "Al Malajim", "name1": "الملاجم", "name2": null, "name3": null, "x_coord": 45.3879968, "y_coord": 14.32795, "adm4_name": null, "adm4_name1": null, "adm4_name2": null, "adm4_name3": null, "adm4_pcode": null, "adm3_name": null, "adm3_name1": null, "adm3_name2": null, "adm3_name3": null, "adm3_pcode": null, "adm2_name": "Al Malajim", "adm2_name1": "الملاجم", "adm2_name2": null, "adm2_name3": null, "adm2_pcode": "YE1420", "adm1_name": "Al Bayda", "adm1_name1": "البيضاء", "adm1_name2": null, "adm1_name3": null, "adm1_pcode": "YE14", "adm0_name": "Yemen", "adm0_name1": null, "adm0_name2": null, "adm0_name3": null, "adm0_pcode": "YE", "valid_on": "2019-11-22", "valid_to": null, "version": "v01", "lang": "en", "lang1": "ar", "lang2": null, "lang3": null }, "geometry": { "type": "Point", "coordinates": [ 45.387996798000074, 14.32795 ] } },
{ "type": "Feature", "properties": { "admin_level": 2, "name": "Al Manar", "name1": "المنار", "name2": null, "name3": null, "x_coord": 44.1584946, "y_coord": 14.65276, "adm4_name": null, "adm4_name1": null, "adm4_name2": null, "adm4_name3": null, "adm4_pcode": null, "adm3_name": null, "adm3_name1": null, "adm3_name2": null, "adm3_name3": null, "adm3_pcode": null, "adm2_name": "Al Manar", "adm2_name1": "المنار", "adm2_name2": null, "adm2_name3": null, "adm2_pcode": "YE2012", "adm1_name": "Dhamar", "adm1_name1": "ذمار", "adm1_name2": null, "adm1_name3": null, "adm1_pcode": "YE20", "adm0_name": "Yemen", "adm0_name1": null, "adm0_name2": null, "adm0_name3": null, "adm0_pcode": "YE", "valid_on": "2019-11-22", "valid_to": null, "version": "v01", "lang": "en", "lang1": "ar", "lang2": null, "lang3": null }, "geometry": { "type": "Point", "coordinates": [ 44.158494596000082, 14.65276 ] } },
{ "type": "Feature", "properties": { "admin_level": 2, "name": "Al Mansurah", "name1": "المنصوره", "name2": null, "name3": null, "x_coord": 44.97026892, "y_coord": 12.84124766, "adm4_name": null, "adm4_name1": null, "adm4_name2": null, "adm4_name3": null, "adm4_pcode": null, "adm3_name": null, "adm3_name1": null, "adm3_name2": null, "adm3_name3": null, "adm3_pcode": null, "adm2_name": "Al Mansurah", "adm2_name1": "المنصوره", "adm2_name2": null, "adm2_name3": null, "adm2_pcode": "YE2403", "adm1_name": "Aden", "adm1_name1": "عدن", "adm1_name2": null, "adm1_name3": null, "adm1_pcode": "YE24", "adm0_name": "Yemen", "adm0_name1": null, "adm0_name2": null, "adm0_name3": null, "adm0_pcode": "YE", "valid_on": "2019-11-22", "valid_to": null, "version": "v01", "lang": "en", "lang1": "ar", "lang2": null, "lang3": null }, "geometry": { "type": "Point", "coordinates": [ 44.970268923000106, 12.841247657 ] } },
{ "type": "Feature", "properties": { "admin_level": 2, "name": "Al Mansuriyah", "name1": "المنصوريه", "name2": null, "name3": null, "x_coord": 43.37542913, "y_coord": 14.684235, "adm4_name": null, "adm4_name1": null, "adm4_name2": null, "adm4_name3": null, "adm4_pcode": null, "adm3_name": null, "adm3_name1": null, "adm3_name2": null, "adm3_name3": null, "adm3_pcode": null, "adm2_name": "Al Mansuriyah", "adm2_name1": "المنصوريه", "adm2_name2": null, "adm2_name3": null, "adm2_pcode": "YE1816", "adm1_name": "Al Hodeidah", "adm1_name1": "الحديده", "adm1_name2": null, "adm1_name3": null, "adm1_pcode": "YE18", "adm0_name": "Yemen", "adm0_name1": null, "adm0_name2": null, "adm0_name3": null, "adm0_pcode": "YE", "valid_on": "2019-11-22", "valid_to": null, "version": "v01", "lang": "en", "lang1": "ar", "lang2": null, "lang3": null }, "geometry": { "type": "Point", "coordinates": [ 43.375429131000033, 14.684235000000172 ] } },
{ "type": "Feature", "properties": { "admin_level": 2, "name": "Al Maqatirah", "name1": "المقاطره", "name2": null, "name3": null, "x_coord": 44.17158537, "y_coord": 13.1294615, "adm4_name": null, "adm4_name1": null, "adm4_name2": null, "adm4_name3": null, "adm4_pcode": null, "adm3_name": null, "adm3_name1": null, "adm3_name2": null, "adm3_name3": null, "adm3_pcode": null, "adm2_name": "Al Maqatirah", "adm2_name1": "المقاطره", "adm2_name2": null, "adm2_name3": null, "adm2_pcode": "YE2512", "adm1_name": "Lahj", "adm1_name1": "لحج", "adm1_name2": null, "adm1_name3": null, "adm1_pcode": "YE25", "adm0_name": "Yemen", "adm0_name1": null, "adm0_name2": null, "adm0_name3": null, "adm0_pcode": "YE", "valid_on": "2019-11-22", "valid_to": null, "version": "v01", "lang": "en", "lang1": "ar", "lang2": null, "lang3": null }, "geometry": { "type": "Point", "coordinates": [ 44.171585365000055, 13.129461500000161 ] } },
{ "type": "Feature", "properties": { "admin_level": 2, "name": "Al Marawi'ah", "name1": "المراوعه", "name2": null, "name3": null, "x_coord": 43.16250195, "y_coord": 14.84259, "adm4_name": null, "adm4_name1": null, "adm4_name2": null, "adm4_name3": null, "adm4_pcode": null, "adm3_name": null, "adm3_name1": null, "adm3_name2": null, "adm3_name3": null, "adm3_pcode": null, "adm2_name": "Al Marawi'ah", "adm2_name1": "المراوعه", "adm2_name2": null, "adm2_name3": null, "adm2_pcode": "YE1813", "adm1_name": "Al Hodeidah", "adm1_name1": "الحديده", "adm1_name2": null, "adm1_name3": null, "adm1_pcode": "YE18", "adm0_name": "Yemen", "adm0_name1": null, "adm0_name2": null, "adm0_name3": null, "adm0_pcode": "YE", "valid_on": "2019-11-22", "valid_to": null, "version": "v01", "lang": "en", "lang1": "ar", "lang2": null, "lang3": null }, "geometry": { "type": "Point", "coordinates": [ 43.162501951000081, 14.84259 ] } },
{ "type": "Feature", "properties": { "admin_level": 2, "name": "Al Mashannah", "name1": "المشنه", "name2": null, "name3": null, "x_coord": 44.15318387, "y_coord": 13.95349902, "adm4_name": null, "adm4_name1": null, "adm4_name2": null, "adm4_name3": null, "adm4_pcode": null, "adm3_name": null, "adm3_name1": null, "adm3_name2": null, "adm3_name3": null, "adm3_pcode": null, "adm2_name": "Al Mashannah", "adm2_name1": "المشنه", "adm2_name2": null, "adm2_name3": null, "adm2_pcode": "YE1118", "adm1_name": "Ibb", "adm1_name1": "اب", "adm1_name2": null, "adm1_name3": null, "adm1_pcode": "YE11", "adm0_name": "Yemen", "adm0_name1": null, "adm0_name2": null, "adm0_name3": null, "adm0_pcode": "YE", "valid_on": "2019-11-22", "valid_to": null, "version": "v01", "lang": "en", "lang1": "ar", "lang2": null, "lang3": null }, "geometry": { "type": "Point", "coordinates": [ 44.153183867000052, 13.953499017000013 ] } },
{ "type": "Feature", "properties": { "admin_level": 2, "name": "Al Masilah", "name1": "المسيله", "name2": null, "name3": null, "x_coord": 50.63787807, "y_coord": 15.550965, "adm4_name": null, "adm4_name1": null, "adm4_name2": null, "adm4_name3": null, "adm4_pcode": null, "adm3_name": null, "adm3_name1": null, "adm3_name2": null, "adm3_name3": null, "adm3_pcode": null, "adm2_name": "Al Masilah", "adm2_name1": "المسيله", "adm2_name2": null, "adm2_name3": null, "adm2_pcode": "YE2806", "adm1_name": "Al Maharah", "adm1_name1": "المهره", "adm1_name2": null, "adm1_name3": null, "adm1_pcode": "YE28", "adm0_name": "Yemen", "adm0_name1": null, "adm0_name2": null, "adm0_name3": null, "adm0_pcode": "YE", "valid_on": "2019-11-22", "valid_to": null, "version": "v01", "lang": "en", "lang1": "ar", "lang2": null, "lang3": null }, "geometry": { "type": "Point", "coordinates": [ 50.637878070000056, 15.550965 ] } },
{ "type": "Feature", "properties": { "admin_level": 2, "name": "Al Maslub", "name1": "المصلوب", "name2": null, "name3": null, "x_coord": 44.55541871, "y_coord": 16.09421, "adm4_name": null, "adm4_name1": null, "adm4_name2": null, "adm4_name3": null, "adm4_pcode": null, "adm3_name": null, "adm3_name1": null, "adm3_name2": null, "adm3_name3": null, "adm3_pcode": null, "adm2_name": "Al Maslub", "adm2_name1": "المصلوب", "adm2_name2": null, "adm2_name3": null, "adm2_pcode": "YE1607", "adm1_name": "Al Jawf", "adm1_name1": "الجوف", "adm1_name2": null, "adm1_name3": null, "adm1_pcode": "YE16", "adm0_name": "Yemen", "adm0_name1": null, "adm0_name2": null, "adm0_name3": null, "adm0_pcode": "YE", "valid_on": "2019-11-22", "valid_to": null, "version": "v01", "lang": "en", "lang1": "ar", "lang2": null, "lang3": null }, "geometry": { "type": "Point", "coordinates": [ 44.555418713000165, 16.094210000000146 ] } },
{ "type": "Feature", "properties": { "admin_level": 2, "name": "Al Matammah", "name1": "المطمه", "name2": null, "name3": null, "x_coord": 44.39279363, "y_coord": 16.200065, "adm4_name": null, "adm4_name1": null, "adm4_name2": null, "adm4_name3": null, "adm4_pcode": null, "adm3_name": null, "adm3_name1": null, "adm3_name2": null, "adm3_name3": null, "adm3_pcode": null, "adm2_name": "Al Matammah", "adm2_name1": "المطمه", "adm2_name2": null, "adm2_name3": null, "adm2_pcode": "YE1603", "adm1_name": "Al Jawf", "adm1_name1": "الجوف", "adm1_name2": null, "adm1_name3": null, "adm1_pcode": "YE16", "adm0_name": "Yemen", "adm0_name1": null, "adm0_name2": null, "adm0_name3": null, "adm0_pcode": "YE", "valid_on": "2019-11-22", "valid_to": null, "version": "v01", "lang": "en", "lang1": "ar", "lang2": null, "lang3": null }, "geometry": { "type": "Point", "coordinates": [ 44.392793632000121, 16.200065000000109 ] } },
{ "type": "Feature", "properties": { "admin_level": 2, "name": "Al Mawasit", "name1": "المواسط", "name2": null, "name3": null, "x_coord": 44.09154876, "y_coord": 13.30418, "adm4_name": null, "adm4_name1": null, "adm4_name2": null, "adm4_name3": null, "adm4_pcode": null, "adm3_name": null, "adm3_name1": null, "adm3_name2": null, "adm3_name3": null, "adm3_pcode": null, "adm2_name": "Al Mawasit", "adm2_name1": "المواسط", "adm2_name2": null, "adm2_name3": null, "adm2_pcode": "YE1522", "adm1_name": "Ta'iz", "adm1_name1": "تعز", "adm1_name2": null, "adm1_name3": null, "adm1_pcode": "YE15", "adm0_name": "Yemen", "adm0_name1": null, "adm0_name2": null, "adm0_name3": null, "adm0_pcode": "YE", "valid_on": "2019-11-22", "valid_to": null, "version": "v01", "lang": "en", "lang1": "ar", "lang2": null, "lang3": null }, "geometry": { "type": "Point", "coordinates": [ 44.091548765000084, 13.30418 ] } },
{ "type": "Feature", "properties": { "admin_level": 2, "name": "Al Miftah", "name1": "المفتاح", "name2": null, "name3": null, "x_coord": 43.51582734, "y_coord": 15.96167, "adm4_name": null, "adm4_name1": null, "adm4_name2": null, "adm4_name3": null, "adm4_pcode": null, "adm3_name": null, "adm3_name1": null, "adm3_name2": null, "adm3_name3": null, "adm3_pcode": null, "adm2_name": "Al Miftah", "adm2_name1": "المفتاح", "adm2_name2": null, "adm2_name3": null, "adm2_pcode": "YE1716", "adm1_name": "Hajjah", "adm1_name1": "حجه", "adm1_name2": null, "adm1_name3": null, "adm1_pcode": "YE17", "adm0_name": "Yemen", "adm0_name1": null, "adm0_name2": null, "adm0_name3": null, "adm0_pcode": "YE", "valid_on": "2019-11-22", "valid_to": null, "version": "v01", "lang": "en", "lang1": "ar", "lang2": null, "lang3": null }, "geometry": { "type": "Point", "coordinates": [ 43.515827336000086, 15.96167 ] } },
{ "type": "Feature", "properties": { "admin_level": 2, "name": "Al Mighlaf", "name1": "المغلاف", "name2": null, "name3": null, "x_coord": 43.1876149, "y_coord": 15.309895, "adm4_name": null, "adm4_name1": null, "adm4_name2": null, "adm4_name3": null, "adm4_pcode": null, "adm3_name": null, "adm3_name1": null, "adm3_name2": null, "adm3_name3": null, "adm3_pcode": null, "adm2_name": "Al Mighlaf", "adm2_name1": "المغلاف", "adm2_name2": null, "adm2_name3": null, "adm2_pcode": "YE1808", "adm1_name": "Al Hodeidah", "adm1_name1": "الحديده", "adm1_name2": null, "adm1_name3": null, "adm1_pcode": "YE18", "adm0_name": "Yemen", "adm0_name1": null, "adm0_name2": null, "adm0_name3": null, "adm0_pcode": "YE", "valid_on": "2019-11-22", "valid_to": null, "version": "v01", "lang": "en", "lang1": "ar", "lang2": null, "lang3": null }, "geometry": { "type": "Point", "coordinates": [ 43.187614901000131, 15.309895001000143 ] } },
{ "type": "Feature", "properties": { "admin_level": 2, "name": "Al Mina", "name1": "الميناء", "name2": null, "name3": null, "x_coord": 42.91835019, "y_coord": 14.944515, "adm4_name": null, "adm4_name1": null, "adm4_name2": null, "adm4_name3": null, "adm4_pcode": null, "adm3_name": null, "adm3_name1": null, "adm3_name2": null, "adm3_name3": null, "adm3_pcode": null, "adm2_name": "Al Mina", "adm2_name1": "الميناء", "adm2_name2": null, "adm2_name3": null, "adm2_pcode": "YE1822", "adm1_name": "Al Hodeidah", "adm1_name1": "الحديده", "adm1_name2": null, "adm1_name3": null, "adm1_pcode": "YE18", "adm0_name": "Yemen", "adm0_name1": null, "adm0_name2": null, "adm0_name3": null, "adm0_pcode": "YE", "valid_on": "2019-11-22", "valid_to": null, "version": "v01", "lang": "en", "lang1": "ar", "lang2": null, "lang3": null }, "geometry": { "type": "Point", "coordinates": [ 42.918350186000055, 14.944515 ] } },
{ "type": "Feature", "properties": { "admin_level": 2, "name": "Al Misrakh", "name1": "المسراخ", "name2": null, "name3": null, "x_coord": 44.08981597, "y_coord": 13.51444077, "adm4_name": null, "adm4_name1": null, "adm4_name2": null, "adm4_name3": null, "adm4_pcode": null, "adm3_name": null, "adm3_name1": null, "adm3_name2": null, "adm3_name3": null, "adm3_pcode": null, "adm2_name": "Al Misrakh", "adm2_name1": "المسراخ", "adm2_name2": null, "adm2_name3": null, "adm2_pcode": "YE1511", "adm1_name": "Ta'iz", "adm1_name1": "تعز", "adm1_name2": null, "adm1_name3": null, "adm1_pcode": "YE15", "adm0_name": "Yemen", "adm0_name1": null, "adm0_name2": null, "adm0_name3": null, "adm0_pcode": "YE", "valid_on": "2019-11-22", "valid_to": null, "version": "v01", "lang": "en", "lang1": "ar", "lang2": null, "lang3": null }, "geometry": { "type": "Point", "coordinates": [ 44.089815968000153, 13.514440772 ] } },
{ "type": "Feature", "properties": { "admin_level": 2, "name": "Al Mu'alla", "name1": "المعلا", "name2": null, "name3": null, "x_coord": 45.01289444, "y_coord": 12.791265, "adm4_name": null, "adm4_name1": null, "adm4_name2": null, "adm4_name3": null, "adm4_pcode": null, "adm3_name": null, "adm3_name1": null, "adm3_name2": null, "adm3_name3": null, "adm3_pcode": null, "adm2_name": "Al Mu'alla", "adm2_name1": "المعلا", "adm2_name2": null, "adm2_name3": null, "adm2_pcode": "YE2406", "adm1_name": "Aden", "adm1_name1": "عدن", "adm1_name2": null, "adm1_name3": null, "adm1_pcode": "YE24", "adm0_name": "Yemen", "adm0_name1": null, "adm0_name2": null, "adm0_name3": null, "adm0_pcode": "YE", "valid_on": "2019-11-22", "valid_to": null, "version": "v01", "lang": "en", "lang1": "ar", "lang2": null, "lang3": null }, "geometry": { "type": "Point", "coordinates": [ 45.012894442000118, 12.791265 ] } },
{ "type": "Feature", "properties": { "admin_level": 2, "name": "Al Mudhaffar", "name1": "المظفر", "name2": null, "name3": null, "x_coord": 43.98082884, "y_coord": 13.5815, "adm4_name": null, "adm4_name1": null, "adm4_name2": null, "adm4_name3": null, "adm4_pcode": null, "adm3_name": null, "adm3_name1": null, "adm3_name2": null, "adm3_name3": null, "adm3_pcode": null, "adm2_name": "Al Mudhaffar", "adm2_name1": "المظفر", "adm2_name2": null, "adm2_name3": null, "adm2_pcode": "YE1517", "adm1_name": "Ta'iz", "adm1_name1": "تعز", "adm1_name2": null, "adm1_name3": null, "adm1_pcode": "YE15", "adm0_name": "Yemen", "adm0_name1": null, "adm0_name2": null, "adm0_name3": null, "adm0_pcode": "YE", "valid_on": "2019-11-22", "valid_to": null, "version": "v01", "lang": "en", "lang1": "ar", "lang2": null, "lang3": null }, "geometry": { "type": "Point", "coordinates": [ 43.980828845000076, 13.5815 ] } },
{ "type": "Feature", "properties": { "admin_level": 2, "name": "Al Mukalla", "name1": "المكلا", "name2": null, "name3": null, "x_coord": 48.90516846, "y_coord": 14.72103, "adm4_name": null, "adm4_name1": null, "adm4_name2": null, "adm4_name3": null, "adm4_pcode": null, "adm3_name": null, "adm3_name1": null, "adm3_name2": null, "adm3_name3": null, "adm3_pcode": null, "adm2_name": "Al Mukalla", "adm2_name1": "المكلا", "adm2_name2": null, "adm2_name3": null, "adm2_pcode": "YE1926", "adm1_name": "Hadramawt", "adm1_name1": "حضرموت", "adm1_name2": null, "adm1_name3": null, "adm1_pcode": "YE19", "adm0_name": "Yemen", "adm0_name1": null, "adm0_name2": null, "adm0_name3": null, "adm0_pcode": "YE", "valid_on": "2019-11-22", "valid_to": null, "version": "v01", "lang": "en", "lang1": "ar", "lang2": null, "lang3": null }, "geometry": { "type": "Point", "coordinates": [ 48.90516846200012, 14.72103 ] } },
{ "type": "Feature", "properties": { "admin_level": 2, "name": "Al Mukalla City", "name1": "مدينة المكلا", "name2": null, "name3": null, "x_coord": 49.06683673, "y_coord": 14.53331092, "adm4_name": null, "adm4_name1": null, "adm4_name2": null, "adm4_name3": null, "adm4_pcode": null, "adm3_name": null, "adm3_name1": null, "adm3_name2": null, "adm3_name3": null, "adm3_pcode": null, "adm2_name": "Al Mukalla City", "adm2_name1": "مدينة المكلا", "adm2_name2": null, "adm2_name3": null, "adm2_pcode": "YE1927", "adm1_name": "Hadramawt", "adm1_name1": "حضرموت", "adm1_name2": null, "adm1_name3": null, "adm1_pcode": "YE19", "adm0_name": "Yemen", "adm0_name1": null, "adm0_name2": null, "adm0_name3": null, "adm0_pcode": "YE", "valid_on": "2019-11-22", "valid_to": null, "version": "v01", "lang": "en", "lang1": "ar", "lang2": null, "lang3": null }, "geometry": { "type": "Point", "coordinates": [ 49.066836733000059, 14.533310915000186 ] } },
{ "type": "Feature", "properties": { "admin_level": 2, "name": "Al Munirah", "name1": "المنيره", "name2": null, "name3": null, "x_coord": 42.88415368, "y_coord": 15.35348, "adm4_name": null, "adm4_name1": null, "adm4_name2": null, "adm4_name3": null, "adm4_pcode": null, "adm3_name": null, "adm3_name1": null, "adm3_name2": null, "adm3_name3": null, "adm3_pcode": null, "adm2_name": "Al Munirah", "adm2_name1": "المنيره", "adm2_name2": null, "adm2_name3": null, "adm2_pcode": "YE1805", "adm1_name": "Al Hodeidah", "adm1_name1": "الحديده", "adm1_name2": null, "adm1_name3": null, "adm1_pcode": "YE18", "adm0_name": "Yemen", "adm0_name1": null, "adm0_name2": null, "adm0_name3": null, "adm0_pcode": "YE", "valid_on": "2019-11-22", "valid_to": null, "version": "v01", "lang": "en", "lang1": "ar", "lang2": null, "lang3": null }, "geometry": { "type": "Point", "coordinates": [ 42.884153679000121, 15.353480000000104 ] } },
{ "type": "Feature", "properties": { "admin_level": 2, "name": "Al Musaymir", "name1": "المسيمير", "name2": null, "name3": null, "x_coord": 44.6437528, "y_coord": 13.431355, "adm4_name": null, "adm4_name1": null, "adm4_name2": null, "adm4_name3": null, "adm4_pcode": null, "adm3_name": null, "adm3_name1": null, "adm3_name2": null, "adm3_name3": null, "adm3_pcode": null, "adm2_name": "Al Musaymir", "adm2_name1": "المسيمير", "adm2_name2": null, "adm2_name3": null, "adm2_pcode": "YE2509", "adm1_name": "Lahj", "adm1_name1": "لحج", "adm1_name2": null, "adm1_name3": null, "adm1_pcode": "YE25", "adm0_name": "Yemen", "adm0_name1": null, "adm0_name2": null, "adm0_name3": null, "adm0_pcode": "YE", "valid_on": "2019-11-22", "valid_to": null, "version": "v01", "lang": "en", "lang1": "ar", "lang2": null, "lang3": null }, "geometry": { "type": "Point", "coordinates": [ 44.643752803000154, 13.431355001000043 ] } },
{ "type": "Feature", "properties": { "admin_level": 2, "name": "Al Mutun", "name1": "المتون", "name2": null, "name3": null, "x_coord": 44.61607022, "y_coord": 16.31303174, "adm4_name": null, "adm4_name1": null, "adm4_name2": null, "adm4_name3": null, "adm4_pcode": null, "adm3_name": null, "adm3_name1": null, "adm3_name2": null, "adm3_name3": null, "adm3_pcode": null, "adm2_name": "Al Mutun", "adm2_name1": "المتون", "adm2_name2": null, "adm2_name3": null, "adm2_pcode": "YE1606", "adm1_name": "Al Jawf", "adm1_name1": "الجوف", "adm1_name2": null, "adm1_name3": null, "adm1_pcode": "YE16", "adm0_name": "Yemen", "adm0_name1": null, "adm0_name2": null, "adm0_name3": null, "adm0_pcode": "YE", "valid_on": "2019-11-22", "valid_to": null, "version": "v01", "lang": "en", "lang1": "ar", "lang2": null, "lang3": null }, "geometry": { "type": "Point", "coordinates": [ 44.61607022000004, 16.313031740000042 ] } },
{ "type": "Feature", "properties": { "admin_level": 2, "name": "Al Odayn", "name1": "العدين", "name2": null, "name3": null, "x_coord": 44.02305715, "y_coord": 13.99424332, "adm4_name": null, "adm4_name1": null, "adm4_name2": null, "adm4_name3": null, "adm4_pcode": null, "adm3_name": null, "adm3_name1": null, "adm3_name2": null, "adm3_name3": null, "adm3_pcode": null, "adm2_name": "Al Odayn", "adm2_name1": "العدين", "adm2_name2": null, "adm2_name3": null, "adm2_pcode": "YE1111", "adm1_name": "Ibb", "adm1_name1": "اب", "adm1_name2": null, "adm1_name3": null, "adm1_pcode": "YE11", "adm0_name": "Yemen", "adm0_name1": null, "adm0_name2": null, "adm0_name3": null, "adm0_pcode": "YE", "valid_on": "2019-11-22", "valid_to": null, "version": "v01", "lang": "en", "lang1": "ar", "lang2": null, "lang3": null }, "geometry": { "type": "Point", "coordinates": [ 44.023057155000174, 13.994243317000041 ] } },
{ "type": "Feature", "properties": { "admin_level": 2, "name": "Al Qaff", "name1": "القف", "name2": null, "name3": null, "x_coord": 49.12119981, "y_coord": 17.43156, "adm4_name": null, "adm4_name1": null, "adm4_name2": null, "adm4_name3": null, "adm4_pcode": null, "adm3_name": null, "adm3_name1": null, "adm3_name2": null, "adm3_name3": null, "adm3_pcode": null, "adm2_name": "Al Qaff", "adm2_name1": "القف", "adm2_name2": null, "adm2_name3": null, "adm2_pcode": "YE1903", "adm1_name": "Hadramawt", "adm1_name1": "حضرموت", "adm1_name2": null, "adm1_name3": null, "adm1_pcode": "YE19", "adm0_name": "Yemen", "adm0_name1": null, "adm0_name2": null, "adm0_name3": null, "adm0_pcode": "YE", "valid_on": "2019-11-22", "valid_to": null, "version": "v01", "lang": "en", "lang1": "ar", "lang2": null, "lang3": null }, "geometry": { "type": "Point", "coordinates": [ 49.121199805000174, 17.431560000000161 ] } },
{ "type": "Feature", "properties": { "admin_level": 2, "name": "Al Qafr", "name1": "القفر", "name2": null, "name3": null, "x_coord": 44.04028731, "y_coord": 14.32486246, "adm4_name": null, "adm4_name1": null, "adm4_name2": null, "adm4_name3": null, "adm4_pcode": null, "adm3_name": null, "adm3_name1": null, "adm3_name2": null, "adm3_name3": null, "adm3_pcode": null, "adm2_name": "Al Qafr", "adm2_name1": "القفر", "adm2_name2": null, "adm2_name3": null, "adm2_pcode": "YE1101", "adm1_name": "Ibb", "adm1_name1": "اب", "adm1_name2": null, "adm1_name3": null, "adm1_pcode": "YE11", "adm0_name": "Yemen", "adm0_name1": null, "adm0_name2": null, "adm0_name3": null, "adm0_pcode": "YE", "valid_on": "2019-11-22", "valid_to": null, "version": "v01", "lang": "en", "lang1": "ar", "lang2": null, "lang3": null }, "geometry": { "type": "Point", "coordinates": [ 44.040287310000167, 14.324862458000155 ] } },
{ "type": "Feature", "properties": { "admin_level": 2, "name": "Al Qahirah", "name1": "القاهره", "name2": null, "name3": null, "x_coord": 44.01393895, "y_coord": 13.58635, "adm4_name": null, "adm4_name1": null, "adm4_name2": null, "adm4_name3": null, "adm4_pcode": null, "adm3_name": null, "adm3_name1": null, "adm3_name2": null, "adm3_name3": null, "adm3_pcode": null, "adm2_name": "Al Qahirah", "adm2_name1": "القاهره", "adm2_name2": null, "adm2_name3": null, "adm2_pcode": "YE1518", "adm1_name": "Ta'iz", "adm1_name1": "تعز", "adm1_name2": null, "adm1_name3": null, "adm1_pcode": "YE15", "adm0_name": "Yemen", "adm0_name1": null, "adm0_name2": null, "adm0_name3": null, "adm0_pcode": "YE", "valid_on": "2019-11-22", "valid_to": null, "version": "v01", "lang": "en", "lang1": "ar", "lang2": null, "lang3": null }, "geometry": { "type": "Point", "coordinates": [ 44.013938952000046, 13.58635 ] } },
{ "type": "Feature", "properties": { "admin_level": 2, "name": "Al Qanawis", "name1": "القناوص", "name2": null, "name3": null, "x_coord": 43.13407768, "y_coord": 15.46032872, "adm4_name": null, "adm4_name1": null, "adm4_name2": null, "adm4_name3": null, "adm4_pcode": null, "adm3_name": null, "adm3_name1": null, "adm3_name2": null, "adm3_name3": null, "adm3_pcode": null, "adm2_name": "Al Qanawis", "adm2_name1": "القناوص", "adm2_name2": null, "adm2_name3": null, "adm2_pcode": "YE1806", "adm1_name": "Al Hodeidah", "adm1_name1": "الحديده", "adm1_name2": null, "adm1_name3": null, "adm1_pcode": "YE18", "adm0_name": "Yemen", "adm0_name1": null, "adm0_name2": null, "adm0_name3": null, "adm0_pcode": "YE", "valid_on": "2019-11-22", "valid_to": null, "version": "v01", "lang": "en", "lang1": "ar", "lang2": null, "lang3": null }, "geometry": { "type": "Point", "coordinates": [ 43.134077677000164, 15.460328722000042 ] } },
{ "type": "Feature", "properties": { "admin_level": 2, "name": "Al Qatn", "name1": "القطن", "name2": null, "name3": null, "x_coord": 48.33288195, "y_coord": 15.91185, "adm4_name": null, "adm4_name1": null, "adm4_name2": null, "adm4_name3": null, "adm4_pcode": null, "adm3_name": null, "adm3_name1": null, "adm3_name2": null, "adm3_name3": null, "adm3_pcode": null, "adm2_name": "Al Qatn", "adm2_name1": "القطن", "adm2_name2": null, "adm2_name3": null, "adm2_pcode": "YE1907", "adm1_name": "Hadramawt", "adm1_name1": "حضرموت", "adm1_name2": null, "adm1_name3": null, "adm1_pcode": "YE19", "adm0_name": "Yemen", "adm0_name1": null, "adm0_name2": null, "adm0_name3": null, "adm0_pcode": "YE", "valid_on": "2019-11-22", "valid_to": null, "version": "v01", "lang": "en", "lang1": "ar", "lang2": null, "lang3": null }, "geometry": { "type": "Point", "coordinates": [ 48.332881950000058, 15.911850000000186 ] } },
{ "type": "Feature", "properties": { "admin_level": 2, "name": "Al Qubaytah", "name1": "القبيطه", "name2": null, "name3": null, "x_coord": 44.49050433, "y_coord": 13.32897, "adm4_name": null, "adm4_name1": null, "adm4_name2": null, "adm4_name3": null, "adm4_pcode": null, "adm3_name": null, "adm3_name1": null, "adm3_name2": null, "adm3_name3": null, "adm3_pcode": null, "adm2_name": "Al Qubaytah", "adm2_name1": "القبيطه", "adm2_name2": null, "adm2_name3": null, "adm2_pcode": "YE2510", "adm1_name": "Lahj", "adm1_name1": "لحج", "adm1_name2": null, "adm1_name3": null, "adm1_pcode": "YE25", "adm0_name": "Yemen", "adm0_name1": null, "adm0_name2": null, "adm0_name3": null, "adm0_pcode": "YE", "valid_on": "2019-11-22", "valid_to": null, "version": "v01", "lang": "en", "lang1": "ar", "lang2": null, "lang3": null }, "geometry": { "type": "Point", "coordinates": [ 44.490504331000125, 13.32897000100013 ] } },
{ "type": "Feature", "properties": { "admin_level": 2, "name": "Al Quraishyah", "name1": "القريشيه", "name2": null, "name3": null, "x_coord": 44.89926014, "y_coord": 14.604735, "adm4_name": null, "adm4_name1": null, "adm4_name2": null, "adm4_name3": null, "adm4_pcode": null, "adm3_name": null, "adm3_name1": null, "adm3_name2": null, "adm3_name3": null, "adm3_pcode": null, "adm2_name": "Al Quraishyah", "adm2_name1": "القريشيه", "adm2_name2": null, "adm2_name3": null, "adm2_pcode": "YE1414", "adm1_name": "Al Bayda", "adm1_name1": "البيضاء", "adm1_name2": null, "adm1_name3": null, "adm1_pcode": "YE14", "adm0_name": "Yemen", "adm0_name1": null, "adm0_name2": null, "adm0_name3": null, "adm0_pcode": "YE", "valid_on": "2019-11-22", "valid_to": null, "version": "v01", "lang": "en", "lang1": "ar", "lang2": null, "lang3": null }, "geometry": { "type": "Point", "coordinates": [ 44.899260135000134, 14.604735000000176 ] } },
{ "type": "Feature", "properties": { "admin_level": 2, "name": "Al Wadi'", "name1": "الوضيع", "name2": null, "name3": null, "x_coord": 46.06703031, "y_coord": 13.68577757, "adm4_name": null, "adm4_name1": null, "adm4_name2": null, "adm4_name3": null, "adm4_pcode": null, "adm3_name": null, "adm3_name1": null, "adm3_name2": null, "adm3_name3": null, "adm3_pcode": null, "adm2_name": "Al Wadi'", "adm2_name1": "الوضيع", "adm2_name2": null, "adm2_name3": null, "adm2_pcode": "YE1208", "adm1_name": "Abyan", "adm1_name1": "ابين", "adm1_name2": null, "adm1_name3": null, "adm1_pcode": "YE12", "adm0_name": "Yemen", "adm0_name1": null, "adm0_name2": null, "adm0_name3": null, "adm0_pcode": "YE", "valid_on": "2019-11-22", "valid_to": null, "version": "v01", "lang": "en", "lang1": "ar", "lang2": null, "lang3": null }, "geometry": { "type": "Point", "coordinates": [ 46.067030307000152, 13.685777567 ] } },
{ "type": "Feature", "properties": { "admin_level": 2, "name": "Al Wazi'yah", "name1": "الوازعيه", "name2": null, "name3": null, "x_coord": 43.76317343, "y_coord": 13.18144103, "adm4_name": null, "adm4_name1": null, "adm4_name2": null, "adm4_name3": null, "adm4_pcode": null, "adm3_name": null, "adm3_name1": null, "adm3_name2": null, "adm3_name3": null, "adm3_pcode": null, "adm2_name": "Al Wazi'yah", "adm2_name1": "الوازعيه", "adm2_name2": null, "adm2_name3": null, "adm2_pcode": "YE1515", "adm1_name": "Ta'iz", "adm1_name1": "تعز", "adm1_name2": null, "adm1_name3": null, "adm1_pcode": "YE15", "adm0_name": "Yemen", "adm0_name1": null, "adm0_name2": null, "adm0_name3": null, "adm0_pcode": "YE", "valid_on": "2019-11-22", "valid_to": null, "version": "v01", "lang": "en", "lang1": "ar", "lang2": null, "lang3": null }, "geometry": { "type": "Point", "coordinates": [ 43.763173426000151, 13.181441029000155 ] } },
{ "type": "Feature", "properties": { "admin_level": 2, "name": "Al Wehdah", "name1": "الوحده", "name2": null, "name3": null, "x_coord": 44.18772594, "y_coord": 15.33492, "adm4_name": null, "adm4_name1": null, "adm4_name2": null, "adm4_name3": null, "adm4_pcode": null, "adm3_name": null, "adm3_name1": null, "adm3_name2": null, "adm3_name3": null, "adm3_pcode": null, "adm2_name": "Al Wehdah", "adm2_name1": "الوحده", "adm2_name2": null, "adm2_name3": null, "adm2_pcode": "YE1306", "adm1_name": "Sana'a City", "adm1_name1": "امانة العاصمه", "adm1_name2": null, "adm1_name3": null, "adm1_pcode": "YE13", "adm0_name": "Yemen", "adm0_name1": null, "adm0_name2": null, "adm0_name3": null, "adm0_pcode": "YE", "valid_on": "2019-11-22", "valid_to": null, "version": "v01", "lang": "en", "lang1": "ar", "lang2": null, "lang3": null }, "geometry": { "type": "Point", "coordinates": [ 44.187725936000163, 15.33492 ] } },
{ "type": "Feature", "properties": { "admin_level": 2, "name": "Alluhayah", "name1": "اللحيه", "name2": null, "name3": null, "x_coord": 42.88619173, "y_coord": 15.64083842, "adm4_name": null, "adm4_name1": null, "adm4_name2": null, "adm4_name3": null, "adm4_pcode": null, "adm3_name": null, "adm3_name1": null, "adm3_name2": null, "adm3_name3": null, "adm3_pcode": null, "adm2_name": "Alluhayah", "adm2_name1": "اللحيه", "adm2_name2": null, "adm2_name3": null, "adm2_pcode": "YE1802", "adm1_name": "Al Hodeidah", "adm1_name1": "الحديده", "adm1_name2": null, "adm1_name3": null, "adm1_pcode": "YE18", "adm0_name": "Yemen", "adm0_name1": null, "adm0_name2": null, "adm0_name3": null, "adm0_pcode": "YE", "valid_on": "2019-11-22", "valid_to": null, "version": "v01", "lang": "en", "lang1": "ar", "lang2": null, "lang3": null }, "geometry": { "type": "Point", "coordinates": [ 42.886191734000079, 15.640838423000162 ] } },
{ "type": "Feature", "properties": { "admin_level": 2, "name": "Amd", "name1": "عمد", "name2": null, "name3": null, "x_coord": 47.92595979, "y_coord": 15.34036, "adm4_name": null, "adm4_name1": null, "adm4_name2": null, "adm4_name3": null, "adm4_pcode": null, "adm3_name": null, "adm3_name1": null, "adm3_name2": null, "adm3_name3": null, "adm3_pcode": null, "adm2_name": "Amd", "adm2_name1": "عمد", "adm2_name2": null, "adm2_name3": null, "adm2_pcode": "YE1921", "adm1_name": "Hadramawt", "adm1_name1": "حضرموت", "adm1_name2": null, "adm1_name3": null, "adm1_pcode": "YE19", "adm0_name": "Yemen", "adm0_name1": null, "adm0_name2": null, "adm0_name3": null, "adm0_pcode": "YE", "valid_on": "2019-11-22", "valid_to": null, "version": "v01", "lang": "en", "lang1": "ar", "lang2": null, "lang3": null }, "geometry": { "type": "Point", "coordinates": [ 47.925959789000103, 15.34036 ] } },
{ "type": "Feature", "properties": { "admin_level": 2, "name": "Amran", "name1": "عمران", "name2": null, "name3": null, "x_coord": 43.75793142, "y_coord": 15.692815, "adm4_name": null, "adm4_name1": null, "adm4_name2": null, "adm4_name3": null, "adm4_pcode": null, "adm3_name": null, "adm3_name1": null, "adm3_name2": null, "adm3_name3": null, "adm3_pcode": null, "adm2_name": "Amran", "adm2_name1": "عمران", "adm2_name2": null, "adm2_name3": null, "adm2_pcode": "YE2915", "adm1_name": "Amran", "adm1_name1": "عمران", "adm1_name2": null, "adm1_name3": null, "adm1_pcode": "YE29", "adm0_name": "Yemen", "adm0_name1": null, "adm0_name2": null, "adm0_name3": null, "adm0_pcode": "YE", "valid_on": "2019-11-22", "valid_to": null, "version": "v01", "lang": "en", "lang1": "ar", "lang2": null, "lang3": null }, "geometry": { "type": "Point", "coordinates": [ 43.757931416000076, 15.692815001000156 ] } },
{ "type": "Feature", "properties": { "admin_level": 2, "name": "An Nadirah", "name1": "النادره", "name2": null, "name3": null, "x_coord": 44.48369878, "y_coord": 14.06157247, "adm4_name": null, "adm4_name1": null, "adm4_name2": null, "adm4_name3": null, "adm4_pcode": null, "adm3_name": null, "adm3_name1": null, "adm3_name2": null, "adm3_name3": null, "adm3_pcode": null, "adm2_name": "An Nadirah", "adm2_name1": "النادره", "adm2_name2": null, "adm2_name3": null, "adm2_pcode": "YE1104", "adm1_name": "Ibb", "adm1_name1": "اب", "adm1_name2": null, "adm1_name3": null, "adm1_pcode": "YE11", "adm0_name": "Yemen", "adm0_name1": null, "adm0_name2": null, "adm0_name3": null, "adm0_pcode": "YE", "valid_on": "2019-11-22", "valid_to": null, "version": "v01", "lang": "en", "lang1": "ar", "lang2": null, "lang3": null }, "geometry": { "type": "Point", "coordinates": [ 44.483698777000143, 14.061572465000097 ] } },
{ "type": "Feature", "properties": { "admin_level": 2, "name": "Ans", "name1": "عنس", "name2": null, "name3": null, "x_coord": 44.37935242, "y_coord": 14.43804246, "adm4_name": null, "adm4_name1": null, "adm4_name2": null, "adm4_name3": null, "adm4_pcode": null, "adm3_name": null, "adm3_name1": null, "adm3_name2": null, "adm3_name3": null, "adm3_pcode": null, "adm2_name": "Ans", "adm2_name1": "عنس", "adm2_name2": null, "adm2_name3": null, "adm2_pcode": "YE2010", "adm1_name": "Dhamar", "adm1_name1": "ذمار", "adm1_name2": null, "adm1_name3": null, "adm1_pcode": "YE20", "adm0_name": "Yemen", "adm0_name1": null, "adm0_name2": null, "adm0_name3": null, "adm0_pcode": "YE", "valid_on": "2019-11-22", "valid_to": null, "version": "v01", "lang": "en", "lang1": "ar", "lang2": null, "lang3": null }, "geometry": { "type": "Point", "coordinates": [ 44.379352424, 14.438042458000098 ] } },
{ "type": "Feature", "properties": { "admin_level": 2, "name": "Ar Radmah", "name1": "الرضمه", "name2": null, "name3": null, "x_coord": 44.55285538, "y_coord": 14.21037706, "adm4_name": null, "adm4_name1": null, "adm4_name2": null, "adm4_name3": null, "adm4_pcode": null, "adm3_name": null, "adm3_name1": null, "adm3_name2": null, "adm3_name3": null, "adm3_pcode": null, "adm2_name": "Ar Radmah", "adm2_name1": "الرضمه", "adm2_name2": null, "adm2_name3": null, "adm2_pcode": "YE1103", "adm1_name": "Ibb", "adm1_name1": "اب", "adm1_name2": null, "adm1_name3": null, "adm1_pcode": "YE11", "adm0_name": "Yemen", "adm0_name1": null, "adm0_name2": null, "adm0_name3": null, "adm0_pcode": "YE", "valid_on": "2019-11-22", "valid_to": null, "version": "v01", "lang": "en", "lang1": "ar", "lang2": null, "lang3": null }, "geometry": { "type": "Point", "coordinates": [ 44.552855384000054, 14.210377056000027 ] } },
{ "type": "Feature", "properties": { "admin_level": 2, "name": "Ar Rawdah", "name1": "الروضه", "name2": null, "name3": null, "x_coord": 47.23332077, "y_coord": 14.50016933, "adm4_name": null, "adm4_name1": null, "adm4_name2": null, "adm4_name3": null, "adm4_pcode": null, "adm3_name": null, "adm3_name1": null, "adm3_name2": null, "adm3_name3": null, "adm3_pcode": null, "adm2_name": "Ar Rawdah", "adm2_name1": "الروضه", "adm2_name2": null, "adm2_name3": null, "adm2_pcode": "YE2115", "adm1_name": "Shabwah", "adm1_name1": "شبوه", "adm1_name2": null, "adm1_name3": null, "adm1_pcode": "YE21", "adm0_name": "Yemen", "adm0_name1": null, "adm0_name2": null, "adm0_name3": null, "adm0_pcode": "YE", "valid_on": "2019-11-22", "valid_to": null, "version": "v01", "lang": "en", "lang1": "ar", "lang2": null, "lang3": null }, "geometry": { "type": "Point", "coordinates": [ 47.233320773000116, 14.500169331 ] } },
{ "type": "Feature", "properties": { "admin_level": 2, "name": "Ar Raydah wa Qussay'ar", "name1": "الريدة وقصيعر", "name2": null, "name3": null, "x_coord": 50.39946029, "y_coord": 15.15934, "adm4_name": null, "adm4_name1": null, "adm4_name2": null, "adm4_name3": null, "adm4_pcode": null, "adm3_name": null, "adm3_name1": null, "adm3_name2": null, "adm3_name3": null, "adm3_pcode": null, "adm2_name": "Ar Raydah wa Qussay'ar", "adm2_name1": "الريدة وقصيعر", "adm2_name2": null, "adm2_name3": null, "adm2_pcode": "YE1913", "adm1_name": "Hadramawt", "adm1_name1": "حضرموت", "adm1_name2": null, "adm1_name3": null, "adm1_pcode": "YE19", "adm0_name": "Yemen", "adm0_name1": null, "adm0_name2": null, "adm0_name3": null, "adm0_pcode": "YE", "valid_on": "2019-11-22", "valid_to": null, "version": "v01", "lang": "en", "lang1": "ar", "lang2": null, "lang3": null }, "geometry": { "type": "Point", "coordinates": [ 50.399460287000124, 15.1593400000001 ] } },
{ "type": "Feature", "properties": { "admin_level": 2, "name": "Ar Rujum", "name1": "الرجم", "name2": null, "name3": null, "x_coord": 43.6771755, "y_coord": 15.408465, "adm4_name": null, "adm4_name1": null, "adm4_name2": null, "adm4_name3": null, "adm4_pcode": null, "adm3_name": null, "adm3_name1": null, "adm3_name2": null, "adm3_name3": null, "adm3_pcode": null, "adm2_name": "Ar Rujum", "adm2_name1": "الرجم", "adm2_name2": null, "adm2_name3": null, "adm2_pcode": "YE2703", "adm1_name": "Al Mahwit", "adm1_name1": "المحويت", "adm1_name2": null, "adm1_name3": null, "adm1_pcode": "YE27", "adm0_name": "Yemen", "adm0_name1": null, "adm0_name2": null, "adm0_name3": null, "adm0_pcode": "YE", "valid_on": "2019-11-22", "valid_to": null, "version": "v01", "lang": "en", "lang1": "ar", "lang2": null, "lang3": null }, "geometry": { "type": "Point", "coordinates": [ 43.677175503000115, 15.408465001000025 ] } },
{ "type": "Feature", "properties": { "admin_level": 2, "name": "Ar Ryashyyah", "name1": "الرياشيه", "name2": null, "name3": null, "x_coord": 44.7987794, "y_coord": 14.24096, "adm4_name": null, "adm4_name1": null, "adm4_name2": null, "adm4_name3": null, "adm4_pcode": null, "adm3_name": null, "adm3_name1": null, "adm3_name2": null, "adm3_name3": null, "adm3_pcode": null, "adm2_name": "Ar Ryashyyah", "adm2_name1": "الرياشيه", "adm2_name2": null, "adm2_name3": null, "adm2_pcode": "YE1418", "adm1_name": "Al Bayda", "adm1_name1": "البيضاء", "adm1_name2": null, "adm1_name3": null, "adm1_pcode": "YE14", "adm0_name": "Yemen", "adm0_name1": null, "adm0_name2": null, "adm0_name3": null, "adm0_pcode": "YE", "valid_on": "2019-11-22", "valid_to": null, "version": "v01", "lang": "en", "lang1": "ar", "lang2": null, "lang3": null }, "geometry": { "type": "Point", "coordinates": [ 44.7987793960001, 14.24096 ] } },
{ "type": "Feature", "properties": { "admin_level": 2, "name": "Arhab", "name1": "ارحب", "name2": null, "name3": null, "x_coord": 44.28909633, "y_coord": 15.80402935, "adm4_name": null, "adm4_name1": null, "adm4_name2": null, "adm4_name3": null, "adm4_pcode": null, "adm3_name": null, "adm3_name1": null, "adm3_name2": null, "adm3_name3": null, "adm3_pcode": null, "adm2_name": "Arhab", "adm2_name1": "ارحب", "adm2_name2": null, "adm2_name3": null, "adm2_pcode": "YE2302", "adm1_name": "Sana'a", "adm1_name1": "صنعاء", "adm1_name2": null, "adm1_name3": null, "adm1_pcode": "YE23", "adm0_name": "Yemen", "adm0_name1": null, "adm0_name2": null, "adm0_name3": null, "adm0_pcode": "YE", "valid_on": "2019-11-22", "valid_to": null, "version": "v01", "lang": "en", "lang1": "ar", "lang2": null, "lang3": null }, "geometry": { "type": "Point", "coordinates": [ 44.289096330000177, 15.804029350000064 ] } },
{ "type": "Feature", "properties": { "admin_level": 2, "name": "Arma'a", "name1": "عرماء", "name2": null, "name3": null, "x_coord": 47.02686388, "y_coord": 15.38743, "adm4_name": null, "adm4_name1": null, "adm4_name2": null, "adm4_name3": null, "adm4_pcode": null, "adm3_name": null, "adm3_name1": null, "adm3_name2": null, "adm3_name3": null, "adm3_pcode": null, "adm2_name": "Arma'a", "adm2_name1": "عرماء", "adm2_name2": null, "adm2_name3": null, "adm2_pcode": "YE2104", "adm1_name": "Shabwah", "adm1_name1": "شبوه", "adm1_name2": null, "adm1_name3": null, "adm1_pcode": "YE21", "adm0_name": "Yemen", "adm0_name1": null, "adm0_name2": null, "adm0_name3": null, "adm0_pcode": "YE", "valid_on": "2019-11-22", "valid_to": null, "version": "v01", "lang": "en", "lang1": "ar", "lang2": null, "lang3": null }, "geometry": { "type": "Point", "coordinates": [ 47.02686388300009, 15.387430000000165 ] } },
{ "type": "Feature", "properties": { "admin_level": 2, "name": "As Sa'id", "name1": "الصعيد", "name2": null, "name3": null, "x_coord": 46.85821201, "y_coord": 14.27989, "adm4_name": null, "adm4_name1": null, "adm4_name2": null, "adm4_name3": null, "adm4_pcode": null, "adm3_name": null, "adm3_name1": null, "adm3_name2": null, "adm3_name3": null, "adm3_pcode": null, "adm2_name": "As Sa'id", "adm2_name1": "الصعيد", "adm2_name2": null, "adm2_name3": null, "adm2_pcode": "YE2112", "adm1_name": "Shabwah", "adm1_name1": "شبوه", "adm1_name2": null, "adm1_name3": null, "adm1_pcode": "YE21", "adm0_name": "Yemen", "adm0_name1": null, "adm0_name2": null, "adm0_name3": null, "adm0_pcode": "YE", "valid_on": "2019-11-22", "valid_to": null, "version": "v01", "lang": "en", "lang1": "ar", "lang2": null, "lang3": null }, "geometry": { "type": "Point", "coordinates": [ 46.858212015000163, 14.27989 ] } },
{ "type": "Feature", "properties": { "admin_level": 2, "name": "As Sab'in", "name1": "السبعين", "name2": null, "name3": null, "x_coord": 44.20282232, "y_coord": 15.30597, "adm4_name": null, "adm4_name1": null, "adm4_name2": null, "adm4_name3": null, "adm4_pcode": null, "adm3_name": null, "adm3_name1": null, "adm3_name2": null, "adm3_name3": null, "adm3_pcode": null, "adm2_name": "As Sab'in", "adm2_name1": "السبعين", "adm2_name2": null, "adm2_name3": null, "adm2_pcode": "YE1305", "adm1_name": "Sana'a City", "adm1_name1": "امانة العاصمه", "adm1_name2": null, "adm1_name3": null, "adm1_pcode": "YE13", "adm0_name": "Yemen", "adm0_name1": null, "adm0_name2": null, "adm0_name3": null, "adm0_pcode": "YE", "valid_on": "2019-11-22", "valid_to": null, "version": "v01", "lang": "en", "lang1": "ar", "lang2": null, "lang3": null }, "geometry": { "type": "Point", "coordinates": [ 44.202822323000191, 15.305970000000173 ] } },
{ "type": "Feature", "properties": { "admin_level": 2, "name": "As Sabrah", "name1": "السبره", "name2": null, "name3": null, "x_coord": 44.30165412, "y_coord": 13.84226417, "adm4_name": null, "adm4_name1": null, "adm4_name2": null, "adm4_name3": null, "adm4_pcode": null, "adm3_name": null, "adm3_name1": null, "adm3_name2": null, "adm3_name3": null, "adm3_pcode": null, "adm2_name": "As Sabrah", "adm2_name1": "السبره", "adm2_name2": null, "adm2_name3": null, "adm2_pcode": "YE1114", "adm1_name": "Ibb", "adm1_name1": "اب", "adm1_name2": null, "adm1_name3": null, "adm1_pcode": "YE11", "adm0_name": "Yemen", "adm0_name1": null, "adm0_name2": null, "adm0_name3": null, "adm0_pcode": "YE", "valid_on": "2019-11-22", "valid_to": null, "version": "v01", "lang": "en", "lang1": "ar", "lang2": null, "lang3": null }, "geometry": { "type": "Point", "coordinates": [ 44.301654119000148, 13.842264173999979 ] } },
{ "type": "Feature", "properties": { "admin_level": 2, "name": "As Saddah", "name1": "السده", "name2": null, "name3": null, "x_coord": 44.41945614, "y_coord": 14.16678782, "adm4_name": null, "adm4_name1": null, "adm4_name2": null, "adm4_name3": null, "adm4_pcode": null, "adm3_name": null, "adm3_name1": null, "adm3_name2": null, "adm3_name3": null, "adm3_pcode": null, "adm2_name": "As Saddah", "adm2_name1": "السده", "adm2_name2": null, "adm2_name3": null, "adm2_pcode": "YE1106", "adm1_name": "Ibb", "adm1_name1": "اب", "adm1_name2": null, "adm1_name3": null, "adm1_pcode": "YE11", "adm0_name": "Yemen", "adm0_name1": null, "adm0_name2": null, "adm0_name3": null, "adm0_pcode": "YE", "valid_on": "2019-11-22", "valid_to": null, "version": "v01", "lang": "en", "lang1": "ar", "lang2": null, "lang3": null }, "geometry": { "type": "Point", "coordinates": [ 44.419456141000069, 14.166787820000138 ] } },
{ "type": "Feature", "properties": { "admin_level": 2, "name": "As Safiyah", "name1": "الصافيه", "name2": null, "name3": null, "x_coord": 44.24629692, "y_coord": 15.34299, "adm4_name": null, "adm4_name1": null, "adm4_name2": null, "adm4_name3": null, "adm4_pcode": null, "adm3_name": null, "adm3_name1": null, "adm3_name2": null, "adm3_name3": null, "adm3_pcode": null, "adm2_name": "As Safiyah", "adm2_name1": "الصافيه", "adm2_name2": null, "adm2_name3": null, "adm2_pcode": "YE1304", "adm1_name": "Sana'a City", "adm1_name1": "امانة العاصمه", "adm1_name2": null, "adm1_name3": null, "adm1_pcode": "YE13", "adm0_name": "Yemen", "adm0_name1": null, "adm0_name2": null, "adm0_name3": null, "adm0_pcode": "YE", "valid_on": "2019-11-22", "valid_to": null, "version": "v01", "lang": "en", "lang1": "ar", "lang2": null, "lang3": null }, "geometry": { "type": "Point", "coordinates": [ 44.246296916000119, 15.34299 ] } },
{ "type": "Feature", "properties": { "admin_level": 2, "name": "As Safra", "name1": "الصفراء", "name2": null, "name3": null, "x_coord": 43.82849504, "y_coord": 16.994095, "adm4_name": null, "adm4_name1": null, "adm4_name2": null, "adm4_name3": null, "adm4_pcode": null, "adm3_name": null, "adm3_name1": null, "adm3_name2": null, "adm3_name3": null, "adm3_pcode": null, "adm2_name": "As Safra", "adm2_name1": "الصفراء", "adm2_name2": null, "adm2_name3": null, "adm2_pcode": "YE2212", "adm1_name": "Sa'dah", "adm1_name1": "صعده", "adm1_name2": null, "adm1_name3": null, "adm1_pcode": "YE22", "adm0_name": "Yemen", "adm0_name1": null, "adm0_name2": null, "adm0_name3": null, "adm0_pcode": "YE", "valid_on": "2019-11-22", "valid_to": null, "version": "v01", "lang": "en", "lang1": "ar", "lang2": null, "lang3": null }, "geometry": { "type": "Point", "coordinates": [ 43.828495043000089, 16.994095 ] } },
{ "type": "Feature", "properties": { "admin_level": 2, "name": "As Saiyani", "name1": "السياني", "name2": null, "name3": null, "x_coord": 44.21490042, "y_coord": 13.82280991, "adm4_name": null, "adm4_name1": null, "adm4_name2": null, "adm4_name3": null, "adm4_pcode": null, "adm3_name": null, "adm3_name1": null, "adm3_name2": null, "adm3_name3": null, "adm3_pcode": null, "adm2_name": "As Saiyani", "adm2_name1": "السياني", "adm2_name2": null, "adm2_name3": null, "adm2_pcode": "YE1115", "adm1_name": "Ibb", "adm1_name1": "اب", "adm1_name2": null, "adm1_name3": null, "adm1_pcode": "YE11", "adm0_name": "Yemen", "adm0_name1": null, "adm0_name2": null, "adm0_name3": null, "adm0_pcode": "YE", "valid_on": "2019-11-22", "valid_to": null, "version": "v01", "lang": "en", "lang1": "ar", "lang2": null, "lang3": null }, "geometry": { "type": "Point", "coordinates": [ 44.214900422000085, 13.822809905000156 ] } },
{ "type": "Feature", "properties": { "admin_level": 2, "name": "As Salafiyyah", "name1": "السلفيه", "name2": null, "name3": null, "x_coord": 43.81730794, "y_coord": 14.695445, "adm4_name": null, "adm4_name1": null, "adm4_name2": null, "adm4_name3": null, "adm4_pcode": null, "adm3_name": null, "adm3_name1": null, "adm3_name2": null, "adm3_name3": null, "adm3_pcode": null, "adm2_name": "As Salafiyyah", "adm2_name1": "السلفيه", "adm2_name2": null, "adm2_name3": null, "adm2_pcode": "YE3102", "adm1_name": "Raymah", "adm1_name1": "ريمه", "adm1_name2": null, "adm1_name3": null, "adm1_pcode": "YE31", "adm0_name": "Yemen", "adm0_name1": null, "adm0_name2": null, "adm0_name3": null, "adm0_pcode": "YE", "valid_on": "2019-11-22", "valid_to": null, "version": "v01", "lang": "en", "lang1": "ar", "lang2": null, "lang3": null }, "geometry": { "type": "Point", "coordinates": [ 43.817307936000191, 14.695445 ] } },
{ "type": "Feature", "properties": { "admin_level": 2, "name": "As Salif", "name1": "الصليف", "name2": null, "name3": null, "x_coord": 42.71187292, "y_coord": 15.27268423, "adm4_name": null, "adm4_name1": null, "adm4_name2": null, "adm4_name3": null, "adm4_pcode": null, "adm3_name": null, "adm3_name1": null, "adm3_name2": null, "adm3_name3": null, "adm3_pcode": null, "adm2_name": "As Salif", "adm2_name1": "الصليف", "adm2_name2": null, "adm2_name3": null, "adm2_pcode": "YE1804", "adm1_name": "Al Hodeidah", "adm1_name1": "الحديده", "adm1_name2": null, "adm1_name3": null, "adm1_pcode": "YE18", "adm0_name": "Yemen", "adm0_name1": null, "adm0_name2": null, "adm0_name3": null, "adm0_pcode": "YE", "valid_on": "2019-11-22", "valid_to": null, "version": "v01", "lang": "en", "lang1": "ar", "lang2": null, "lang3": null }, "geometry": { "type": "Point", "coordinates": [ 42.711872920000189, 15.272684232000131 ] } },
{ "type": "Feature", "properties": { "admin_level": 2, "name": "As Sawadiyah", "name1": "السواديه", "name2": null, "name3": null, "x_coord": 45.38937707, "y_coord": 14.52536551, "adm4_name": null, "adm4_name1": null, "adm4_name2": null, "adm4_name3": null, "adm4_pcode": null, "adm3_name": null, "adm3_name1": null, "adm3_name2": null, "adm3_name3": null, "adm3_pcode": null, "adm2_name": "As Sawadiyah", "adm2_name1": "السواديه", "adm2_name2": null, "adm2_name3": null, "adm2_pcode": "YE1411", "adm1_name": "Al Bayda", "adm1_name1": "البيضاء", "adm1_name2": null, "adm1_name3": null, "adm1_pcode": "YE14", "adm0_name": "Yemen", "adm0_name1": null, "adm0_name2": null, "adm0_name3": null, "adm0_pcode": "YE", "valid_on": "2019-11-22", "valid_to": null, "version": "v01", "lang": "en", "lang1": "ar", "lang2": null, "lang3": null }, "geometry": { "type": "Point", "coordinates": [ 45.389377069000147, 14.5253655140001 ] } },
{ "type": "Feature", "properties": { "admin_level": 2, "name": "As Sawd", "name1": "السود", "name2": null, "name3": null, "x_coord": 43.76679536, "y_coord": 15.82408484, "adm4_name": null, "adm4_name1": null, "adm4_name2": null, "adm4_name3": null, "adm4_pcode": null, "adm3_name": null, "adm3_name1": null, "adm3_name2": null, "adm3_name3": null, "adm3_pcode": null, "adm2_name": "As Sawd", "adm2_name1": "السود", "adm2_name2": null, "adm2_name3": null, "adm2_pcode": "YE2914", "adm1_name": "Amran", "adm1_name1": "عمران", "adm1_name2": null, "adm1_name3": null, "adm1_pcode": "YE29", "adm0_name": "Yemen", "adm0_name1": null, "adm0_name2": null, "adm0_name3": null, "adm0_pcode": "YE", "valid_on": "2019-11-22", "valid_to": null, "version": "v01", "lang": "en", "lang1": "ar", "lang2": null, "lang3": null }, "geometry": { "type": "Point", "coordinates": [ 43.766795356000159, 15.824084844000026 ] } },
{ "type": "Feature", "properties": { "admin_level": 2, "name": "As Sawm", "name1": "السوم", "name2": null, "name3": null, "x_coord": 49.75307164, "y_coord": 16.023225, "adm4_name": null, "adm4_name1": null, "adm4_name2": null, "adm4_name3": null, "adm4_pcode": null, "adm3_name": null, "adm3_name1": null, "adm3_name2": null, "adm3_name3": null, "adm3_pcode": null, "adm2_name": "As Sawm", "adm2_name1": "السوم", "adm2_name2": null, "adm2_name3": null, "adm2_pcode": "YE1912", "adm1_name": "Hadramawt", "adm1_name1": "حضرموت", "adm1_name2": null, "adm1_name3": null, "adm1_pcode": "YE19", "adm0_name": "Yemen", "adm0_name1": null, "adm0_name2": null, "adm0_name3": null, "adm0_pcode": "YE", "valid_on": "2019-11-22", "valid_to": null, "version": "v01", "lang": "en", "lang1": "ar", "lang2": null, "lang3": null }, "geometry": { "type": "Point", "coordinates": [ 49.753071636000186, 16.023225 ] } },
{ "type": "Feature", "properties": { "admin_level": 2, "name": "As Sawma'ah", "name1": "الصومعه", "name2": null, "name3": null, "x_coord": 45.75420704, "y_coord": 14.177055, "adm4_name": null, "adm4_name1": null, "adm4_name2": null, "adm4_name3": null, "adm4_pcode": null, "adm3_name": null, "adm3_name1": null, "adm3_name2": null, "adm3_name3": null, "adm3_pcode": null, "adm2_name": "As Sawma'ah", "adm2_name1": "الصومعه", "adm2_name2": null, "adm2_name3": null, "adm2_pcode": "YE1404", "adm1_name": "Al Bayda", "adm1_name1": "البيضاء", "adm1_name2": null, "adm1_name3": null, "adm1_pcode": "YE14", "adm0_name": "Yemen", "adm0_name1": null, "adm0_name2": null, "adm0_name3": null, "adm0_pcode": "YE", "valid_on": "2019-11-22", "valid_to": null, "version": "v01", "lang": "en", "lang1": "ar", "lang2": null, "lang3": null }, "geometry": { "type": "Point", "coordinates": [ 45.754207038000061, 14.177055 ] } },
{ "type": "Feature", "properties": { "admin_level": 2, "name": "As Silw", "name1": "الصلو", "name2": null, "name3": null, "x_coord": 44.20245897, "y_coord": 13.346895, "adm4_name": null, "adm4_name1": null, "adm4_name2": null, "adm4_name3": null, "adm4_pcode": null, "adm3_name": null, "adm3_name1": null, "adm3_name2": null, "adm3_name3": null, "adm3_pcode": null, "adm2_name": "As Silw", "adm2_name1": "الصلو", "adm2_name2": null, "adm2_name3": null, "adm2_pcode": "YE1513", "adm1_name": "Ta'iz", "adm1_name1": "تعز", "adm1_name2": null, "adm1_name3": null, "adm1_pcode": "YE15", "adm0_name": "Yemen", "adm0_name1": null, "adm0_name2": null, "adm0_name3": null, "adm0_pcode": "YE", "valid_on": "2019-11-22", "valid_to": null, "version": "v01", "lang": "en", "lang1": "ar", "lang2": null, "lang3": null }, "geometry": { "type": "Point", "coordinates": [ 44.202458968000087, 13.346895 ] } },
{ "type": "Feature", "properties": { "admin_level": 2, "name": "As Sudah", "name1": "السوده", "name2": null, "name3": null, "x_coord": 43.77849809, "y_coord": 15.96785945, "adm4_name": null, "adm4_name1": null, "adm4_name2": null, "adm4_name3": null, "adm4_pcode": null, "adm3_name": null, "adm3_name1": null, "adm3_name2": null, "adm3_name3": null, "adm3_pcode": null, "adm2_name": "As Sudah", "adm2_name1": "السوده", "adm2_name2": null, "adm2_name3": null, "adm2_pcode": "YE2913", "adm1_name": "Amran", "adm1_name1": "عمران", "adm1_name2": null, "adm1_name3": null, "adm1_pcode": "YE29", "adm0_name": "Yemen", "adm0_name1": null, "adm0_name2": null, "adm0_name3": null, "adm0_pcode": "YE", "valid_on": "2019-11-22", "valid_to": null, "version": "v01", "lang": "en", "lang1": "ar", "lang2": null, "lang3": null }, "geometry": { "type": "Point", "coordinates": [ 43.778498089999971, 15.967859450000049 ] } },
{ "type": "Feature", "properties": { "admin_level": 2, "name": "As Sukhnah", "name1": "السخنه", "name2": null, "name3": null, "x_coord": 43.33911694, "y_coord": 14.74549, "adm4_name": null, "adm4_name1": null, "adm4_name2": null, "adm4_name3": null, "adm4_pcode": null, "adm3_name": null, "adm3_name1": null, "adm3_name2": null, "adm3_name3": null, "adm3_pcode": null, "adm2_name": "As Sukhnah", "adm2_name1": "السخنه", "adm2_name2": null, "adm2_name3": null, "adm2_pcode": "YE1815", "adm1_name": "Al Hodeidah", "adm1_name1": "الحديده", "adm1_name2": null, "adm1_name3": null, "adm1_pcode": "YE18", "adm0_name": "Yemen", "adm0_name1": null, "adm0_name2": null, "adm0_name3": null, "adm0_pcode": "YE", "valid_on": "2019-11-22", "valid_to": null, "version": "v01", "lang": "en", "lang1": "ar", "lang2": null, "lang3": null }, "geometry": { "type": "Point", "coordinates": [ 43.339116935999982, 14.745489999000029 ] } },
{ "type": "Feature", "properties": { "admin_level": 2, "name": "Ash Sha'ir", "name1": "الشعر", "name2": null, "name3": null, "x_coord": 44.36792873, "y_coord": 14.03340484, "adm4_name": null, "adm4_name1": null, "adm4_name2": null, "adm4_name3": null, "adm4_pcode": null, "adm3_name": null, "adm3_name1": null, "adm3_name2": null, "adm3_name3": null, "adm3_pcode": null, "adm2_name": "Ash Sha'ir", "adm2_name1": "الشعر", "adm2_name2": null, "adm2_name3": null, "adm2_pcode": "YE1105", "adm1_name": "Ibb", "adm1_name1": "اب", "adm1_name2": null, "adm1_name3": null, "adm1_pcode": "YE11", "adm0_name": "Yemen", "adm0_name1": null, "adm0_name2": null, "adm0_name3": null, "adm0_pcode": "YE", "valid_on": "2019-11-22", "valid_to": null, "version": "v01", "lang": "en", "lang1": "ar", "lang2": null, "lang3": null }, "geometry": { "type": "Point", "coordinates": [ 44.367928733000099, 14.033404840000117 ] } },
{ "type": "Feature", "properties": { "admin_level": 2, "name": "Ash Shaghadirah", "name1": "الشغادره", "name2": null, "name3": null, "x_coord": 43.50726431, "y_coord": 15.60654, "adm4_name": null, "adm4_name1": null, "adm4_name2": null, "adm4_name3": null, "adm4_pcode": null, "adm3_name": null, "adm3_name1": null, "adm3_name2": null, "adm3_name3": null, "adm3_pcode": null, "adm2_name": "Ash Shaghadirah", "adm2_name1": "الشغادره", "adm2_name2": null, "adm2_name3": null, "adm2_pcode": "YE1725", "adm1_name": "Hajjah", "adm1_name1": "حجه", "adm1_name2": null, "adm1_name3": null, "adm1_pcode": "YE17", "adm0_name": "Yemen", "adm0_name1": null, "adm0_name2": null, "adm0_name3": null, "adm0_pcode": "YE", "valid_on": "2019-11-22", "valid_to": null, "version": "v01", "lang": "en", "lang1": "ar", "lang2": null, "lang3": null }, "geometry": { "type": "Point", "coordinates": [ 43.507264305000035, 15.606540000999985 ] } },
{ "type": "Feature", "properties": { "admin_level": 2, "name": "Ash Shahil", "name1": "الشاهل", "name2": null, "name3": null, "x_coord": 43.45098565, "y_coord": 15.85523309, "adm4_name": null, "adm4_name1": null, "adm4_name2": null, "adm4_name3": null, "adm4_pcode": null, "adm3_name": null, "adm3_name1": null, "adm3_name2": null, "adm3_name3": null, "adm3_pcode": null, "adm2_name": "Ash Shahil", "adm2_name1": "الشاهل", "adm2_name2": null, "adm2_name3": null, "adm2_pcode": "YE1721", "adm1_name": "Hajjah", "adm1_name1": "حجه", "adm1_name2": null, "adm1_name3": null, "adm1_pcode": "YE17", "adm0_name": "Yemen", "adm0_name1": null, "adm0_name2": null, "adm0_name3": null, "adm0_pcode": "YE", "valid_on": "2019-11-22", "valid_to": null, "version": "v01", "lang": "en", "lang1": "ar", "lang2": null, "lang3": null }, "geometry": { "type": "Point", "coordinates": [ 43.450985647000095, 15.855233092000105 ] } },
{ "type": "Feature", "properties": { "admin_level": 2, "name": "Ash Shamayatayn", "name1": "الشمايتين", "name2": null, "name3": null, "x_coord": 44.00623911, "y_coord": 13.173925, "adm4_name": null, "adm4_name1": null, "adm4_name2": null, "adm4_name3": null, "adm4_pcode": null, "adm3_name": null, "adm3_name1": null, "adm3_name2": null, "adm3_name3": null, "adm3_pcode": null, "adm2_name": "Ash Shamayatayn", "adm2_name1": "الشمايتين", "adm2_name2": null, "adm2_name3": null, "adm2_pcode": "YE1514", "adm1_name": "Ta'iz", "adm1_name1": "تعز", "adm1_name2": null, "adm1_name3": null, "adm1_pcode": "YE15", "adm0_name": "Yemen", "adm0_name1": null, "adm0_name2": null, "adm0_name3": null, "adm0_pcode": "YE", "valid_on": "2019-11-22", "valid_to": null, "version": "v01", "lang": "en", "lang1": "ar", "lang2": null, "lang3": null }, "geometry": { "type": "Point", "coordinates": [ 44.00623910500002, 13.173925 ] } },
{ "type": "Feature", "properties": { "admin_level": 2, "name": "Ash Sharyah", "name1": "الشريه", "name2": null, "name3": null, "x_coord": 45.07534754, "y_coord": 14.28382, "adm4_name": null, "adm4_name1": null, "adm4_name2": null, "adm4_name3": null, "adm4_pcode": null, "adm3_name": null, "adm3_name1": null, "adm3_name2": null, "adm3_name3": null, "adm3_pcode": null, "adm2_name": "Ash Sharyah", "adm2_name1": "الشريه", "adm2_name2": null, "adm2_name3": null, "adm2_pcode": "YE1419", "adm1_name": "Al Bayda", "adm1_name1": "البيضاء", "adm1_name2": null, "adm1_name3": null, "adm1_pcode": "YE14", "adm0_name": "Yemen", "adm0_name1": null, "adm0_name2": null, "adm0_name3": null, "adm0_pcode": "YE", "valid_on": "2019-11-22", "valid_to": null, "version": "v01", "lang": "en", "lang1": "ar", "lang2": null, "lang3": null }, "geometry": { "type": "Point", "coordinates": [ 45.075347539000177, 14.283820000000162 ] } },
{ "type": "Feature", "properties": { "admin_level": 2, "name": "Ash Shaykh Othman", "name1": "الشيخ عثمان", "name2": null, "name3": null, "x_coord": 45.01454926, "y_coord": 12.88541, "adm4_name": null, "adm4_name1": null, "adm4_name2": null, "adm4_name3": null, "adm4_pcode": null, "adm3_name": null, "adm3_name1": null, "adm3_name2": null, "adm3_name3": null, "adm3_pcode": null, "adm2_name": "Ash Shaykh Othman", "adm2_name1": "الشيخ عثمان", "adm2_name2": null, "adm2_name3": null, "adm2_pcode": "YE2402", "adm1_name": "Aden", "adm1_name1": "عدن", "adm1_name2": null, "adm1_name3": null, "adm1_pcode": "YE24", "adm0_name": "Yemen", "adm0_name1": null, "adm0_name2": null, "adm0_name3": null, "adm0_pcode": "YE", "valid_on": "2019-11-22", "valid_to": null, "version": "v01", "lang": "en", "lang1": "ar", "lang2": null, "lang3": null }, "geometry": { "type": "Point", "coordinates": [ 45.014549258000045, 12.885410000000149 ] } },
{ "type": "Feature", "properties": { "admin_level": 2, "name": "Ash Shihr", "name1": "الشحر", "name2": null, "name3": null, "x_coord": 49.57830667, "y_coord": 14.93439, "adm4_name": null, "adm4_name1": null, "adm4_name2": null, "adm4_name3": null, "adm4_pcode": null, "adm3_name": null, "adm3_name1": null, "adm3_name2": null, "adm3_name3": null, "adm3_pcode": null, "adm2_name": "Ash Shihr", "adm2_name1": "الشحر", "adm2_name2": null, "adm2_name3": null, "adm2_pcode": "YE1915", "adm1_name": "Hadramawt", "adm1_name1": "حضرموت", "adm1_name2": null, "adm1_name3": null, "adm1_pcode": "YE19", "adm0_name": "Yemen", "adm0_name1": null, "adm0_name2": null, "adm0_name3": null, "adm0_pcode": "YE", "valid_on": "2019-11-22", "valid_to": null, "version": "v01", "lang": "en", "lang1": "ar", "lang2": null, "lang3": null }, "geometry": { "type": "Point", "coordinates": [ 49.57830667200011, 14.934390000000178 ] } },
{ "type": "Feature", "properties": { "admin_level": 2, "name": "Ash Shu'ayb", "name1": "الشعيب", "name2": null, "name3": null, "x_coord": 44.94906624, "y_coord": 13.83619957, "adm4_name": null, "adm4_name1": null, "adm4_name2": null, "adm4_name3": null, "adm4_pcode": null, "adm3_name": null, "adm3_name1": null, "adm3_name2": null, "adm3_name3": null, "adm3_pcode": null, "adm2_name": "Ash Shu'ayb", "adm2_name1": "الشعيب", "adm2_name2": null, "adm2_name3": null, "adm2_pcode": "YE3004", "adm1_name": "Ad Dali'", "adm1_name1": "الضالع", "adm1_name2": null, "adm1_name3": null, "adm1_pcode": "YE30", "adm0_name": "Yemen", "adm0_name1": null, "adm0_name2": null, "adm0_name3": null, "adm0_pcode": "YE", "valid_on": "2019-11-22", "valid_to": null, "version": "v01", "lang": "en", "lang1": "ar", "lang2": null, "lang3": null }, "geometry": { "type": "Point", "coordinates": [ 44.94906623900016, 13.836199565000129 ] } },
{ "type": "Feature", "properties": { "admin_level": 2, "name": "Aslam", "name1": "اسلم", "name2": null, "name3": null, "x_coord": 43.28579659, "y_coord": 16.058475, "adm4_name": null, "adm4_name1": null, "adm4_name2": null, "adm4_name3": null, "adm4_pcode": null, "adm3_name": null, "adm3_name1": null, "adm3_name2": null, "adm3_name3": null, "adm3_pcode": null, "adm2_name": "Aslam", "adm2_name1": "اسلم", "adm2_name2": null, "adm2_name3": null, "adm2_pcode": "YE1712", "adm1_name": "Hajjah", "adm1_name1": "حجه", "adm1_name2": null, "adm1_name3": null, "adm1_pcode": "YE17", "adm0_name": "Yemen", "adm0_name1": null, "adm0_name2": null, "adm0_name3": null, "adm0_pcode": "YE", "valid_on": "2019-11-22", "valid_to": null, "version": "v01", "lang": "en", "lang1": "ar", "lang2": null, "lang3": null }, "geometry": { "type": "Point", "coordinates": [ 43.285796591000121, 16.058475000000158 ] } },
{ "type": "Feature", "properties": { "admin_level": 2, "name": "At Ta'iziyah", "name1": "التعزيه", "name2": null, "name3": null, "x_coord": 44.06802271, "y_coord": 13.68237352, "adm4_name": null, "adm4_name1": null, "adm4_name2": null, "adm4_name3": null, "adm4_pcode": null, "adm3_name": null, "adm3_name1": null, "adm3_name2": null, "adm3_name3": null, "adm3_pcode": null, "adm2_name": "At Ta'iziyah", "adm2_name1": "التعزيه", "adm2_name2": null, "adm2_name3": null, "adm2_pcode": "YE1520", "adm1_name": "Ta'iz", "adm1_name1": "تعز", "adm1_name2": null, "adm1_name3": null, "adm1_pcode": "YE15", "adm0_name": "Yemen", "adm0_name1": null, "adm0_name2": null, "adm0_name3": null, "adm0_pcode": "YE", "valid_on": "2019-11-22", "valid_to": null, "version": "v01", "lang": "en", "lang1": "ar", "lang2": null, "lang3": null }, "geometry": { "type": "Point", "coordinates": [ 44.068022707000068, 13.682373519000066 ] } },
{ "type": "Feature", "properties": { "admin_level": 2, "name": "At Taffah", "name1": "الطفه", "name2": null, "name3": null, "x_coord": 45.30337119, "y_coord": 14.16229, "adm4_name": null, "adm4_name1": null, "adm4_name2": null, "adm4_name3": null, "adm4_pcode": null, "adm3_name": null, "adm3_name1": null, "adm3_name2": null, "adm3_name3": null, "adm3_pcode": null, "adm2_name": "At Taffah", "adm2_name1": "الطفه", "adm2_name2": null, "adm2_name3": null, "adm2_pcode": "YE1407", "adm1_name": "Al Bayda", "adm1_name1": "البيضاء", "adm1_name2": null, "adm1_name3": null, "adm1_pcode": "YE14", "adm0_name": "Yemen", "adm0_name1": null, "adm0_name2": null, "adm0_name3": null, "adm0_pcode": "YE", "valid_on": "2019-11-22", "valid_to": null, "version": "v01", "lang": "en", "lang1": "ar", "lang2": null, "lang3": null }, "geometry": { "type": "Point", "coordinates": [ 45.303371189000075, 14.162290000000155 ] } },
{ "type": "Feature", "properties": { "admin_level": 2, "name": "At Tahrir", "name1": "التحرير", "name2": null, "name3": null, "x_coord": 44.19958565, "y_coord": 15.35373, "adm4_name": null, "adm4_name1": null, "adm4_name2": null, "adm4_name3": null, "adm4_pcode": null, "adm3_name": null, "adm3_name1": null, "adm3_name2": null, "adm3_name3": null, "adm3_pcode": null, "adm2_name": "At Tahrir", "adm2_name1": "التحرير", "adm2_name2": null, "adm2_name3": null, "adm2_pcode": "YE1307", "adm1_name": "Sana'a City", "adm1_name1": "امانة العاصمه", "adm1_name2": null, "adm1_name3": null, "adm1_pcode": "YE13", "adm0_name": "Yemen", "adm0_name1": null, "adm0_name2": null, "adm0_name3": null, "adm0_pcode": "YE", "valid_on": "2019-11-22", "valid_to": null, "version": "v01", "lang": "en", "lang1": "ar", "lang2": null, "lang3": null }, "geometry": { "type": "Point", "coordinates": [ 44.199585646000173, 15.353730000000155 ] } },
{ "type": "Feature", "properties": { "admin_level": 2, "name": "At Talh", "name1": "الطلح", "name2": null, "name3": null, "x_coord": 47.33709499, "y_coord": 15.094285, "adm4_name": null, "adm4_name1": null, "adm4_name2": null, "adm4_name3": null, "adm4_pcode": null, "adm3_name": null, "adm3_name1": null, "adm3_name2": null, "adm3_name3": null, "adm3_pcode": null, "adm2_name": "At Talh", "adm2_name1": "الطلح", "adm2_name2": null, "adm2_name3": null, "adm2_pcode": "YE2102", "adm1_name": "Shabwah", "adm1_name1": "شبوه", "adm1_name2": null, "adm1_name3": null, "adm1_pcode": "YE21", "adm0_name": "Yemen", "adm0_name1": null, "adm0_name2": null, "adm0_name3": null, "adm0_pcode": "YE", "valid_on": "2019-11-22", "valid_to": null, "version": "v01", "lang": "en", "lang1": "ar", "lang2": null, "lang3": null }, "geometry": { "type": "Point", "coordinates": [ 47.337094993000051, 15.094285000000127 ] } },
{ "type": "Feature", "properties": { "admin_level": 2, "name": "At Tawahi", "name1": "التواهي", "name2": null, "name3": null, "x_coord": 44.99389098, "y_coord": 12.7763524, "adm4_name": null, "adm4_name1": null, "adm4_name2": null, "adm4_name3": null, "adm4_pcode": null, "adm3_name": null, "adm3_name1": null, "adm3_name2": null, "adm3_name3": null, "adm3_pcode": null, "adm2_name": "At Tawahi", "adm2_name1": "التواهي", "adm2_name2": null, "adm2_name3": null, "adm2_pcode": "YE2405", "adm1_name": "Aden", "adm1_name1": "عدن", "adm1_name2": null, "adm1_name3": null, "adm1_pcode": "YE24", "adm0_name": "Yemen", "adm0_name1": null, "adm0_name2": null, "adm0_name3": null, "adm0_pcode": "YE", "valid_on": "2019-11-22", "valid_to": null, "version": "v01", "lang": "en", "lang1": "ar", "lang2": null, "lang3": null }, "geometry": { "type": "Point", "coordinates": [ 44.993890980000174, 12.776352398000029 ] } },
{ "type": "Feature", "properties": { "admin_level": 2, "name": "At Tawilah", "name1": "الطويله", "name2": null, "name3": null, "x_coord": 43.76647249, "y_coord": 15.46310856, "adm4_name": null, "adm4_name1": null, "adm4_name2": null, "adm4_name3": null, "adm4_pcode": null, "adm3_name": null, "adm3_name1": null, "adm3_name2": null, "adm3_name3": null, "adm3_pcode": null, "adm2_name": "At Tawilah", "adm2_name1": "الطويله", "adm2_name2": null, "adm2_name3": null, "adm2_pcode": "YE2702", "adm1_name": "Al Mahwit", "adm1_name1": "المحويت", "adm1_name2": null, "adm1_name3": null, "adm1_pcode": "YE27", "adm0_name": "Yemen", "adm0_name1": null, "adm0_name2": null, "adm0_name3": null, "adm0_pcode": "YE", "valid_on": "2019-11-22", "valid_to": null, "version": "v01", "lang": "en", "lang1": "ar", "lang2": null, "lang3": null }, "geometry": { "type": "Point", "coordinates": [ 43.766472493000038, 15.463108563000105 ] } },
{ "type": "Feature", "properties": { "admin_level": 2, "name": "At Tuhayta", "name1": "التحيتا", "name2": null, "name3": null, "x_coord": 43.19306757, "y_coord": 14.08651041, "adm4_name": null, "adm4_name1": null, "adm4_name2": null, "adm4_name3": null, "adm4_pcode": null, "adm3_name": null, "adm3_name1": null, "adm3_name2": null, "adm3_name3": null, "adm3_pcode": null, "adm2_name": "At Tuhayta", "adm2_name1": "التحيتا", "adm2_name2": null, "adm2_name3": null, "adm2_pcode": "YE1826", "adm1_name": "Al Hodeidah", "adm1_name1": "الحديده", "adm1_name2": null, "adm1_name3": null, "adm1_pcode": "YE18", "adm0_name": "Yemen", "adm0_name1": null, "adm0_name2": null, "adm0_name3": null, "adm0_pcode": "YE", "valid_on": "2019-11-22", "valid_to": null, "version": "v01", "lang": "en", "lang1": "ar", "lang2": null, "lang3": null }, "geometry": { "type": "Point", "coordinates": [ 43.193067574, 14.08651041000013 ] } },
{ "type": "Feature", "properties": { "admin_level": 2, "name": "At Tyal", "name1": "الطيال", "name2": null, "name3": null, "x_coord": 44.54316545, "y_coord": 15.388445, "adm4_name": null, "adm4_name1": null, "adm4_name2": null, "adm4_name3": null, "adm4_pcode": null, "adm3_name": null, "adm3_name1": null, "adm3_name2": null, "adm3_name3": null, "adm3_pcode": null, "adm2_name": "At Tyal", "adm2_name1": "الطيال", "adm2_name2": null, "adm2_name3": null, "adm2_pcode": "YE2313", "adm1_name": "Sana'a", "adm1_name1": "صنعاء", "adm1_name2": null, "adm1_name3": null, "adm1_pcode": "YE23", "adm0_name": "Yemen", "adm0_name1": null, "adm0_name2": null, "adm0_name3": null, "adm0_pcode": "YE", "valid_on": "2019-11-22", "valid_to": null, "version": "v01", "lang": "en", "lang1": "ar", "lang2": null, "lang3": null }, "geometry": { "type": "Point", "coordinates": [ 44.543165445000113, 15.388445000000104 ] } },
{ "type": "Feature", "properties": { "admin_level": 2, "name": "Ataq", "name1": "عتق", "name2": null, "name3": null, "x_coord": 46.85013718, "y_coord": 14.56664044, "adm4_name": null, "adm4_name1": null, "adm4_name2": null, "adm4_name3": null, "adm4_pcode": null, "adm3_name": null, "adm3_name1": null, "adm3_name2": null, "adm3_name3": null, "adm3_pcode": null, "adm2_name": "Ataq", "adm2_name1": "عتق", "adm2_name2": null, "adm2_name3": null, "adm2_pcode": "YE2113", "adm1_name": "Shabwah", "adm1_name1": "شبوه", "adm1_name2": null, "adm1_name3": null, "adm1_pcode": "YE21", "adm0_name": "Yemen", "adm0_name1": null, "adm0_name2": null, "adm0_name3": null, "adm0_pcode": "YE", "valid_on": "2019-11-22", "valid_to": null, "version": "v01", "lang": "en", "lang1": "ar", "lang2": null, "lang3": null }, "geometry": { "type": "Point", "coordinates": [ 46.850137176000032, 14.566640443000097 ] } },
{ "type": "Feature", "properties": { "admin_level": 2, "name": "Ath Thawrah", "name1": "الثوره", "name2": null, "name3": null, "x_coord": 44.19258246, "y_coord": 15.39081, "adm4_name": null, "adm4_name1": null, "adm4_name2": null, "adm4_name3": null, "adm4_pcode": null, "adm3_name": null, "adm3_name1": null, "adm3_name2": null, "adm3_name3": null, "adm3_pcode": null, "adm2_name": "Ath Thawrah", "adm2_name1": "الثوره", "adm2_name2": null, "adm2_name3": null, "adm2_pcode": "YE1309", "adm1_name": "Sana'a City", "adm1_name1": "امانة العاصمه", "adm1_name2": null, "adm1_name3": null, "adm1_pcode": "YE13", "adm0_name": "Yemen", "adm0_name1": null, "adm0_name2": null, "adm0_name3": null, "adm0_pcode": "YE", "valid_on": "2019-11-22", "valid_to": null, "version": "v01", "lang": "en", "lang1": "ar", "lang2": null, "lang3": null }, "geometry": { "type": "Point", "coordinates": [ 44.192582461000086, 15.39081 ] } },
{ "type": "Feature", "properties": { "admin_level": 2, "name": "Ayn", "name1": "عين", "name2": null, "name3": null, "x_coord": 45.60046539, "y_coord": 14.95033, "adm4_name": null, "adm4_name1": null, "adm4_name2": null, "adm4_name3": null, "adm4_pcode": null, "adm3_name": null, "adm3_name1": null, "adm3_name2": null, "adm3_name3": null, "adm3_pcode": null, "adm2_name": "Ayn", "adm2_name1": "عين", "adm2_name2": null, "adm2_name3": null, "adm2_pcode": "YE2106", "adm1_name": "Shabwah", "adm1_name1": "شبوه", "adm1_name2": null, "adm1_name3": null, "adm1_pcode": "YE21", "adm0_name": "Yemen", "adm0_name1": null, "adm0_name2": null, "adm0_name3": null, "adm0_pcode": "YE", "valid_on": "2019-11-22", "valid_to": null, "version": "v01", "lang": "en", "lang1": "ar", "lang2": null, "lang3": null }, "geometry": { "type": "Point", "coordinates": [ 45.600465386000053, 14.95033 ] } },
{ "type": "Feature", "properties": { "admin_level": 2, "name": "Az Zahir", "name1": "الزاهر", "name2": null, "name3": null, "x_coord": 45.43797132, "y_coord": 13.99917, "adm4_name": null, "adm4_name1": null, "adm4_name2": null, "adm4_name3": null, "adm4_pcode": null, "adm3_name": null, "adm3_name1": null, "adm3_name2": null, "adm3_name3": null, "adm3_pcode": null, "adm2_name": "Az Zahir", "adm2_name1": "الزاهر", "adm2_name2": null, "adm2_name3": null, "adm2_pcode": "YE1405", "adm1_name": "Al Bayda", "adm1_name1": "البيضاء", "adm1_name2": null, "adm1_name3": null, "adm1_pcode": "YE14", "adm0_name": "Yemen", "adm0_name1": null, "adm0_name2": null, "adm0_name3": null, "adm0_pcode": "YE", "valid_on": "2019-11-22", "valid_to": null, "version": "v01", "lang": "en", "lang1": "ar", "lang2": null, "lang3": null }, "geometry": { "type": "Point", "coordinates": [ 45.437971318000166, 13.999170000000106 ] } },
{ "type": "Feature", "properties": { "admin_level": 2, "name": "Az Zahir", "name1": "الزاهر", "name2": null, "name3": null, "x_coord": 44.51533641, "y_coord": 16.33084, "adm4_name": null, "adm4_name1": null, "adm4_name2": null, "adm4_name3": null, "adm4_pcode": null, "adm3_name": null, "adm3_name1": null, "adm3_name2": null, "adm3_name3": null, "adm3_pcode": null, "adm2_name": "Az Zahir", "adm2_name1": "الزاهر", "adm2_name2": null, "adm2_name3": null, "adm2_pcode": "YE1604", "adm1_name": "Al Jawf", "adm1_name1": "الجوف", "adm1_name2": null, "adm1_name3": null, "adm1_pcode": "YE16", "adm0_name": "Yemen", "adm0_name1": null, "adm0_name2": null, "adm0_name3": null, "adm0_pcode": "YE", "valid_on": "2019-11-22", "valid_to": null, "version": "v01", "lang": "en", "lang1": "ar", "lang2": null, "lang3": null }, "geometry": { "type": "Point", "coordinates": [ 44.515336407000177, 16.33084 ] } },
{ "type": "Feature", "properties": { "admin_level": 2, "name": "Az Zaydiah", "name1": "الزيديه", "name2": null, "name3": null, "x_coord": 43.0464997, "y_coord": 15.300055, "adm4_name": null, "adm4_name1": null, "adm4_name2": null, "adm4_name3": null, "adm4_pcode": null, "adm3_name": null, "adm3_name1": null, "adm3_name2": null, "adm3_name3": null, "adm3_pcode": null, "adm2_name": "Az Zaydiah", "adm2_name1": "الزيديه", "adm2_name2": null, "adm2_name3": null, "adm2_pcode": "YE1807", "adm1_name": "Al Hodeidah", "adm1_name1": "الحديده", "adm1_name2": null, "adm1_name3": null, "adm1_pcode": "YE18", "adm0_name": "Yemen", "adm0_name1": null, "adm0_name2": null, "adm0_name3": null, "adm0_pcode": "YE", "valid_on": "2019-11-22", "valid_to": null, "version": "v01", "lang": "en", "lang1": "ar", "lang2": null, "lang3": null }, "geometry": { "type": "Point", "coordinates": [ 43.046499696000126, 15.300055000000157 ] } },
{ "type": "Feature", "properties": { "admin_level": 2, "name": "Az Zuhrah", "name1": "الزهره", "name2": null, "name3": null, "x_coord": 43.0691452, "y_coord": 15.72307, "adm4_name": null, "adm4_name1": null, "adm4_name2": null, "adm4_name3": null, "adm4_pcode": null, "adm3_name": null, "adm3_name1": null, "adm3_name2": null, "adm3_name3": null, "adm3_pcode": null, "adm2_name": "Az Zuhrah", "adm2_name1": "الزهره", "adm2_name2": null, "adm2_name3": null, "adm2_pcode": "YE1801", "adm1_name": "Al Hodeidah", "adm1_name1": "الحديده", "adm1_name2": null, "adm1_name3": null, "adm1_pcode": "YE18", "adm0_name": "Yemen", "adm0_name1": null, "adm0_name2": null, "adm0_name3": null, "adm0_pcode": "YE", "valid_on": "2019-11-22", "valid_to": null, "version": "v01", "lang": "en", "lang1": "ar", "lang2": null, "lang3": null }, "geometry": { "type": "Point", "coordinates": [ 43.069145197000012, 15.723070000000121 ] } },
{ "type": "Feature", "properties": { "admin_level": 2, "name": "Azaal", "name1": "ازال", "name2": null, "name3": null, "x_coord": 44.242156, "y_coord": 15.355875, "adm4_name": null, "adm4_name1": null, "adm4_name2": null, "adm4_name3": null, "adm4_pcode": null, "adm3_name": null, "adm3_name1": null, "adm3_name2": null, "adm3_name3": null, "adm3_pcode": null, "adm2_name": "Azaal", "adm2_name1": "ازال", "adm2_name2": null, "adm2_name3": null, "adm2_pcode": "YE1303", "adm1_name": "Sana'a City", "adm1_name1": "امانة العاصمه", "adm1_name2": null, "adm1_name3": null, "adm1_pcode": "YE13", "adm0_name": "Yemen", "adm0_name1": null, "adm0_name2": null, "adm0_name3": null, "adm0_pcode": "YE", "valid_on": "2019-11-22", "valid_to": null, "version": "v01", "lang": "en", "lang1": "ar", "lang2": null, "lang3": null }, "geometry": { "type": "Point", "coordinates": [ 44.242155997000054, 15.355875 ] } },
{ "type": "Feature", "properties": { "admin_level": 2, "name": "Ba'dan", "name1": "بعدان", "name2": null, "name3": null, "x_coord": 44.29801347, "y_coord": 13.98860682, "adm4_name": null, "adm4_name1": null, "adm4_name2": null, "adm4_name3": null, "adm4_pcode": null, "adm3_name": null, "adm3_name1": null, "adm3_name2": null, "adm3_name3": null, "adm3_pcode": null, "adm2_name": "Ba'dan", "adm2_name1": "بعدان", "adm2_name2": null, "adm2_name3": null, "adm2_pcode": "YE1113", "adm1_name": "Ibb", "adm1_name1": "اب", "adm1_name2": null, "adm1_name3": null, "adm1_pcode": "YE11", "adm0_name": "Yemen", "adm0_name1": null, "adm0_name2": null, "adm0_name3": null, "adm0_pcode": "YE", "valid_on": "2019-11-22", "valid_to": null, "version": "v01", "lang": "en", "lang1": "ar", "lang2": null, "lang3": null }, "geometry": { "type": "Point", "coordinates": [ 44.298013470000058, 13.988606818000108 ] } },
{ "type": "Feature", "properties": { "admin_level": 2, "name": "Bajil", "name1": "باجل", "name2": null, "name3": null, "x_coord": 43.18272801, "y_coord": 15.04125635, "adm4_name": null, "adm4_name1": null, "adm4_name2": null, "adm4_name3": null, "adm4_pcode": null, "adm3_name": null, "adm3_name1": null, "adm3_name2": null, "adm3_name3": null, "adm3_pcode": null, "adm2_name": "Bajil", "adm2_name1": "باجل", "adm2_name2": null, "adm2_name3": null, "adm2_pcode": "YE1810", "adm1_name": "Al Hodeidah", "adm1_name1": "الحديده", "adm1_name2": null, "adm1_name3": null, "adm1_pcode": "YE18", "adm0_name": "Yemen", "adm0_name1": null, "adm0_name2": null, "adm0_name3": null, "adm0_pcode": "YE", "valid_on": "2019-11-22", "valid_to": null, "version": "v01", "lang": "en", "lang1": "ar", "lang2": null, "lang3": null }, "geometry": { "type": "Point", "coordinates": [ 43.182728013000087, 15.041256345000079 ] } },
{ "type": "Feature", "properties": { "admin_level": 2, "name": "Bakil Al Mir", "name1": "بكيل المير", "name2": null, "name3": null, "x_coord": 43.34458131, "y_coord": 16.508555, "adm4_name": null, "adm4_name1": null, "adm4_name2": null, "adm4_name3": null, "adm4_pcode": null, "adm3_name": null, "adm3_name1": null, "adm3_name2": null, "adm3_name3": null, "adm3_pcode": null, "adm2_name": "Bakil Al Mir", "adm2_name1": "بكيل المير", "adm2_name2": null, "adm2_name3": null, "adm2_pcode": "YE1701", "adm1_name": "Hajjah", "adm1_name1": "حجه", "adm1_name2": null, "adm1_name3": null, "adm1_pcode": "YE17", "adm0_name": "Yemen", "adm0_name1": null, "adm0_name2": null, "adm0_name3": null, "adm0_pcode": "YE", "valid_on": "2019-11-22", "valid_to": null, "version": "v01", "lang": "en", "lang1": "ar", "lang2": null, "lang3": null }, "geometry": { "type": "Point", "coordinates": [ 43.344581306000066, 16.508555 ] } },
{ "type": "Feature", "properties": { "admin_level": 2, "name": "Bani Al Awam", "name1": "بني العوام", "name2": null, "name3": null, "x_coord": 43.61415036, "y_coord": 15.580935, "adm4_name": null, "adm4_name1": null, "adm4_name2": null, "adm4_name3": null, "adm4_pcode": null, "adm3_name": null, "adm3_name1": null, "adm3_name2": null, "adm3_name3": null, "adm3_pcode": null, "adm2_name": "Bani Al Awam", "adm2_name1": "بني العوام", "adm2_name2": null, "adm2_name3": null, "adm2_pcode": "YE1727", "adm1_name": "Hajjah", "adm1_name1": "حجه", "adm1_name2": null, "adm1_name3": null, "adm1_pcode": "YE17", "adm0_name": "Yemen", "adm0_name1": null, "adm0_name2": null, "adm0_name3": null, "adm0_pcode": "YE", "valid_on": "2019-11-22", "valid_to": null, "version": "v01", "lang": "en", "lang1": "ar", "lang2": null, "lang3": null }, "geometry": { "type": "Point", "coordinates": [ 43.6141503610001, 15.580935000000181 ] } },
{ "type": "Feature", "properties": { "admin_level": 2, "name": "Bani Al Harith", "name1": "بني الحارث", "name2": null, "name3": null, "x_coord": 44.24738958, "y_coord": 15.50917, "adm4_name": null, "adm4_name1": null, "adm4_name2": null, "adm4_name3": null, "adm4_pcode": null, "adm3_name": null, "adm3_name1": null, "adm3_name2": null, "adm3_name3": null, "adm3_pcode": null, "adm2_name": "Bani Al Harith", "adm2_name1": "بني الحارث", "adm2_name2": null, "adm2_name3": null, "adm2_pcode": "YE1310", "adm1_name": "Sana'a City", "adm1_name1": "امانة العاصمه", "adm1_name2": null, "adm1_name3": null, "adm1_pcode": "YE13", "adm0_name": "Yemen", "adm0_name1": null, "adm0_name2": null, "adm0_name3": null, "adm0_pcode": "YE", "valid_on": "2019-11-22", "valid_to": null, "version": "v01", "lang": "en", "lang1": "ar", "lang2": null, "lang3": null }, "geometry": { "type": "Point", "coordinates": [ 44.247389576999979, 15.509170000000154 ] } },
{ "type": "Feature", "properties": { "admin_level": 2, "name": "Bani Dabyan", "name1": "بني ضبيان", "name2": null, "name3": null, "x_coord": 44.81839438, "y_coord": 15.04984957, "adm4_name": null, "adm4_name1": null, "adm4_name2": null, "adm4_name3": null, "adm4_pcode": null, "adm3_name": null, "adm3_name1": null, "adm3_name2": null, "adm3_name3": null, "adm3_pcode": null, "adm2_name": "Bani Dabyan", "adm2_name1": "بني ضبيان", "adm2_name2": null, "adm2_name3": null, "adm2_pcode": "YE2314", "adm1_name": "Sana'a", "adm1_name1": "صنعاء", "adm1_name2": null, "adm1_name3": null, "adm1_pcode": "YE23", "adm0_name": "Yemen", "adm0_name1": null, "adm0_name2": null, "adm0_name3": null, "adm0_pcode": "YE", "valid_on": "2019-11-22", "valid_to": null, "version": "v01", "lang": "en", "lang1": "ar", "lang2": null, "lang3": null }, "geometry": { "type": "Point", "coordinates": [ 44.818394377000118, 15.049849571000152 ] } },
{ "type": "Feature", "properties": { "admin_level": 2, "name": "Bani Hushaysh", "name1": "بني حشيش", "name2": null, "name3": null, "x_coord": 44.35108196, "y_coord": 15.453055, "adm4_name": null, "adm4_name1": null, "adm4_name2": null, "adm4_name3": null, "adm4_pcode": null, "adm3_name": null, "adm3_name1": null, "adm3_name2": null, "adm3_name3": null, "adm3_pcode": null, "adm2_name": "Bani Hushaysh", "adm2_name1": "بني حشيش", "adm2_name2": null, "adm2_name3": null, "adm2_pcode": "YE2304", "adm1_name": "Sana'a", "adm1_name1": "صنعاء", "adm1_name2": null, "adm1_name3": null, "adm1_pcode": "YE23", "adm0_name": "Yemen", "adm0_name1": null, "adm0_name2": null, "adm0_name3": null, "adm0_pcode": "YE", "valid_on": "2019-11-22", "valid_to": null, "version": "v01", "lang": "en", "lang1": "ar", "lang2": null, "lang3": null }, "geometry": { "type": "Point", "coordinates": [ 44.351081959999988, 15.453055 ] } },
{ "type": "Feature", "properties": { "admin_level": 2, "name": "Bani Matar", "name1": "بني مطر", "name2": null, "name3": null, "x_coord": 44.08478887, "y_coord": 15.215205, "adm4_name": null, "adm4_name1": null, "adm4_name2": null, "adm4_name3": null, "adm4_pcode": null, "adm3_name": null, "adm3_name1": null, "adm3_name2": null, "adm3_name3": null, "adm3_pcode": null, "adm2_name": "Bani Matar", "adm2_name1": "بني مطر", "adm2_name2": null, "adm2_name3": null, "adm2_pcode": "YE2307", "adm1_name": "Sana'a", "adm1_name1": "صنعاء", "adm1_name2": null, "adm1_name3": null, "adm1_pcode": "YE23", "adm0_name": "Yemen", "adm0_name1": null, "adm0_name2": null, "adm0_name3": null, "adm0_pcode": "YE", "valid_on": "2019-11-22", "valid_to": null, "version": "v01", "lang": "en", "lang1": "ar", "lang2": null, "lang3": null }, "geometry": { "type": "Point", "coordinates": [ 44.084788868000032, 15.21520500000014 ] } },
{ "type": "Feature", "properties": { "admin_level": 2, "name": "Bani Qays", "name1": "بني قيس الطور", "name2": null, "name3": null, "x_coord": 43.33068473, "y_coord": 15.63035442, "adm4_name": null, "adm4_name1": null, "adm4_name2": null, "adm4_name3": null, "adm4_pcode": null, "adm3_name": null, "adm3_name1": null, "adm3_name2": null, "adm3_name3": null, "adm3_pcode": null, "adm2_name": "Bani Qays", "adm2_name1": "بني قيس الطور", "adm2_name2": null, "adm2_name3": null, "adm2_pcode": "YE1724", "adm1_name": "Hajjah", "adm1_name1": "حجه", "adm1_name2": null, "adm1_name3": null, "adm1_pcode": "YE17", "adm0_name": "Yemen", "adm0_name1": null, "adm0_name2": null, "adm0_name3": null, "adm0_pcode": "YE", "valid_on": "2019-11-22", "valid_to": null, "version": "v01", "lang": "en", "lang1": "ar", "lang2": null, "lang3": null }, "geometry": { "type": "Point", "coordinates": [ 43.330684728000051, 15.630354424000188 ] } },
{ "type": "Feature", "properties": { "admin_level": 2, "name": "Bani Sa'd", "name1": "بني سعد", "name2": null, "name3": null, "x_coord": 43.48866647, "y_coord": 15.23541051, "adm4_name": null, "adm4_name1": null, "adm4_name2": null, "adm4_name3": null, "adm4_pcode": null, "adm3_name": null, "adm3_name1": null, "adm3_name2": null, "adm3_name3": null, "adm3_pcode": null, "adm2_name": "Bani Sa'd", "adm2_name1": "بني سعد", "adm2_name2": null, "adm2_name3": null, "adm2_pcode": "YE2707", "adm1_name": "Al Mahwit", "adm1_name1": "المحويت", "adm1_name2": null, "adm1_name3": null, "adm1_pcode": "YE27", "adm0_name": "Yemen", "adm0_name1": null, "adm0_name2": null, "adm0_name3": null, "adm0_pcode": "YE", "valid_on": "2019-11-22", "valid_to": null, "version": "v01", "lang": "en", "lang1": "ar", "lang2": null, "lang3": null }, "geometry": { "type": "Point", "coordinates": [ 43.488666474000013, 15.235410508000029 ] } },
{ "type": "Feature", "properties": { "admin_level": 2, "name": "Bani Surim", "name1": "بني صريم", "name2": null, "name3": null, "x_coord": 43.95752345, "y_coord": 16.12898, "adm4_name": null, "adm4_name1": null, "adm4_name2": null, "adm4_name3": null, "adm4_pcode": null, "adm3_name": null, "adm3_name1": null, "adm3_name2": null, "adm3_name3": null, "adm3_pcode": null, "adm2_name": "Bani Surim", "adm2_name1": "بني صريم", "adm2_name2": null, "adm2_name3": null, "adm2_pcode": "YE2920", "adm1_name": "Amran", "adm1_name1": "عمران", "adm1_name2": null, "adm1_name3": null, "adm1_pcode": "YE29", "adm0_name": "Yemen", "adm0_name1": null, "adm0_name2": null, "adm0_name3": null, "adm0_pcode": "YE", "valid_on": "2019-11-22", "valid_to": null, "version": "v01", "lang": "en", "lang1": "ar", "lang2": null, "lang3": null }, "geometry": { "type": "Point", "coordinates": [ 43.957523454000125, 16.12898 ] } },
{ "type": "Feature", "properties": { "admin_level": 2, "name": "Baqim", "name1": "باقم", "name2": null, "name3": null, "x_coord": 43.49835398, "y_coord": 17.39175555, "adm4_name": null, "adm4_name1": null, "adm4_name2": null, "adm4_name3": null, "adm4_pcode": null, "adm3_name": null, "adm3_name1": null, "adm3_name2": null, "adm3_name3": null, "adm3_pcode": null, "adm2_name": "Baqim", "adm2_name1": "باقم", "adm2_name2": null, "adm2_name3": null, "adm2_pcode": "YE2201", "adm1_name": "Sa'dah", "adm1_name1": "صعده", "adm1_name2": null, "adm1_name3": null, "adm1_pcode": "YE22", "adm0_name": "Yemen", "adm0_name1": null, "adm0_name2": null, "adm0_name3": null, "adm0_pcode": "YE", "valid_on": "2019-11-22", "valid_to": null, "version": "v01", "lang": "en", "lang1": "ar", "lang2": null, "lang3": null }, "geometry": { "type": "Point", "coordinates": [ 43.498353980000104, 17.391755554999975 ] } },
{ "type": "Feature", "properties": { "admin_level": 2, "name": "Barat Al Anan", "name1": "برط العنان", "name2": null, "name3": null, "x_coord": 44.49960608, "y_coord": 16.86492, "adm4_name": null, "adm4_name1": null, "adm4_name2": null, "adm4_name3": null, "adm4_pcode": null, "adm3_name": null, "adm3_name1": null, "adm3_name2": null, "adm3_name3": null, "adm3_pcode": null, "adm2_name": "Barat Al Anan", "adm2_name1": "برط العنان", "adm2_name2": null, "adm2_name3": null, "adm2_pcode": "YE1610", "adm1_name": "Al Jawf", "adm1_name1": "الجوف", "adm1_name2": null, "adm1_name3": null, "adm1_pcode": "YE16", "adm0_name": "Yemen", "adm0_name1": null, "adm0_name2": null, "adm0_name3": null, "adm0_pcode": "YE", "valid_on": "2019-11-22", "valid_to": null, "version": "v01", "lang": "en", "lang1": "ar", "lang2": null, "lang3": null }, "geometry": { "type": "Point", "coordinates": [ 44.499606078000113, 16.86492 ] } },
{ "type": "Feature", "properties": { "admin_level": 2, "name": "Bayhan", "name1": "بيحان", "name2": null, "name3": null, "x_coord": 45.71281513, "y_coord": 14.75613, "adm4_name": null, "adm4_name1": null, "adm4_name2": null, "adm4_name3": null, "adm4_pcode": null, "adm3_name": null, "adm3_name1": null, "adm3_name2": null, "adm3_name3": null, "adm3_pcode": null, "adm2_name": "Bayhan", "adm2_name1": "بيحان", "adm2_name2": null, "adm2_name3": null, "adm2_pcode": "YE2107", "adm1_name": "Shabwah", "adm1_name1": "شبوه", "adm1_name2": null, "adm1_name3": null, "adm1_pcode": "YE21", "adm0_name": "Yemen", "adm0_name1": null, "adm0_name2": null, "adm0_name3": null, "adm0_pcode": "YE", "valid_on": "2019-11-22", "valid_to": null, "version": "v01", "lang": "en", "lang1": "ar", "lang2": null, "lang3": null }, "geometry": { "type": "Point", "coordinates": [ 45.712815134999971, 14.75613 ] } },
{ "type": "Feature", "properties": { "admin_level": 2, "name": "Bayt Al Faqih", "name1": "بيت الفقيه", "name2": null, "name3": null, "x_coord": 43.31091289, "y_coord": 14.46087, "adm4_name": null, "adm4_name1": null, "adm4_name2": null, "adm4_name3": null, "adm4_pcode": null, "adm3_name": null, "adm3_name1": null, "adm3_name2": null, "adm3_name3": null, "adm3_pcode": null, "adm2_name": "Bayt Al Faqih", "adm2_name1": "بيت الفقيه", "adm2_name2": null, "adm2_name3": null, "adm2_pcode": "YE1817", "adm1_name": "Al Hodeidah", "adm1_name1": "الحديده", "adm1_name2": null, "adm1_name3": null, "adm1_pcode": "YE18", "adm0_name": "Yemen", "adm0_name1": null, "adm0_name2": null, "adm0_name3": null, "adm0_pcode": "YE", "valid_on": "2019-11-22", "valid_to": null, "version": "v01", "lang": "en", "lang1": "ar", "lang2": null, "lang3": null }, "geometry": { "type": "Point", "coordinates": [ 43.3109128910001, 14.46087 ] } },
{ "type": "Feature", "properties": { "admin_level": 2, "name": "Bidbadah", "name1": "بدبده", "name2": null, "name3": null, "x_coord": 44.74697781, "y_coord": 15.40518037, "adm4_name": null, "adm4_name1": null, "adm4_name2": null, "adm4_name3": null, "adm4_pcode": null, "adm3_name": null, "adm3_name1": null, "adm3_name2": null, "adm3_name3": null, "adm3_pcode": null, "adm2_name": "Bidbadah", "adm2_name1": "بدبده", "adm2_name2": null, "adm2_name3": null, "adm2_pcode": "YE2605", "adm1_name": "Ma'rib", "adm1_name1": "مارب", "adm1_name2": null, "adm1_name3": null, "adm1_pcode": "YE26", "adm0_name": "Yemen", "adm0_name1": null, "adm0_name2": null, "adm0_name3": null, "adm0_pcode": "YE", "valid_on": "2019-11-22", "valid_to": null, "version": "v01", "lang": "en", "lang1": "ar", "lang2": null, "lang3": null }, "geometry": { "type": "Point", "coordinates": [ 44.746977807000121, 15.405180367000071 ] } },
{ "type": "Feature", "properties": { "admin_level": 2, "name": "Bilad Ar Rus", "name1": "بلاد الروس", "name2": null, "name3": null, "x_coord": 44.25912469, "y_coord": 15.03597, "adm4_name": null, "adm4_name1": null, "adm4_name2": null, "adm4_name3": null, "adm4_pcode": null, "adm3_name": null, "adm3_name1": null, "adm3_name2": null, "adm3_name3": null, "adm3_pcode": null, "adm2_name": "Bilad Ar Rus", "adm2_name1": "بلاد الروس", "adm2_name2": null, "adm2_name3": null, "adm2_pcode": "YE2306", "adm1_name": "Sana'a", "adm1_name1": "صنعاء", "adm1_name2": null, "adm1_name3": null, "adm1_pcode": "YE23", "adm0_name": "Yemen", "adm0_name1": null, "adm0_name2": null, "adm0_name3": null, "adm0_pcode": "YE", "valid_on": "2019-11-22", "valid_to": null, "version": "v01", "lang": "en", "lang1": "ar", "lang2": null, "lang3": null }, "geometry": { "type": "Point", "coordinates": [ 44.259124690000078, 15.03597 ] } },
{ "type": "Feature", "properties": { "admin_level": 2, "name": "Bilad Atta'am", "name1": "بلاد الطعام", "name2": null, "name3": null, "x_coord": 43.61522547, "y_coord": 14.83738861, "adm4_name": null, "adm4_name1": null, "adm4_name2": null, "adm4_name3": null, "adm4_pcode": null, "adm3_name": null, "adm3_name1": null, "adm3_name2": null, "adm3_name3": null, "adm3_pcode": null, "adm2_name": "Bilad Atta'am", "adm2_name1": "بلاد الطعام", "adm2_name2": null, "adm2_name3": null, "adm2_pcode": "YE3101", "adm1_name": "Raymah", "adm1_name1": "ريمه", "adm1_name2": null, "adm1_name3": null, "adm1_pcode": "YE31", "adm0_name": "Yemen", "adm0_name1": null, "adm0_name2": null, "adm0_name3": null, "adm0_pcode": "YE", "valid_on": "2019-11-22", "valid_to": null, "version": "v01", "lang": "en", "lang1": "ar", "lang2": null, "lang3": null }, "geometry": { "type": "Point", "coordinates": [ 43.615225472000134, 14.837388610000176 ] } },
{ "type": "Feature", "properties": { "admin_level": 2, "name": "Brum Mayf'ah", "name1": "بروم ميفع", "name2": null, "name3": null, "x_coord": 48.76447638, "y_coord": 14.34668933, "adm4_name": null, "adm4_name1": null, "adm4_name2": null, "adm4_name3": null, "adm4_pcode": null, "adm3_name": null, "adm3_name1": null, "adm3_name2": null, "adm3_name3": null, "adm3_pcode": null, "adm2_name": "Brum Mayf'ah", "adm2_name1": "بروم ميفع", "adm2_name2": null, "adm2_name3": null, "adm2_pcode": "YE1925", "adm1_name": "Hadramawt", "adm1_name1": "حضرموت", "adm1_name2": null, "adm1_name3": null, "adm1_pcode": "YE19", "adm0_name": "Yemen", "adm0_name1": null, "adm0_name2": null, "adm0_name3": null, "adm0_pcode": "YE", "valid_on": "2019-11-22", "valid_to": null, "version": "v01", "lang": "en", "lang1": "ar", "lang2": null, "lang3": null }, "geometry": { "type": "Point", "coordinates": [ 48.764476376000061, 14.346689332000096 ] } },
{ "type": "Feature", "properties": { "admin_level": 2, "name": "Bura'", "name1": "برع", "name2": null, "name3": null, "x_coord": 43.47296491, "y_coord": 14.907315, "adm4_name": null, "adm4_name1": null, "adm4_name2": null, "adm4_name3": null, "adm4_pcode": null, "adm3_name": null, "adm3_name1": null, "adm3_name2": null, "adm3_name3": null, "adm3_pcode": null, "adm2_name": "Bura'", "adm2_name1": "برع", "adm2_name2": null, "adm2_name3": null, "adm2_pcode": "YE1812", "adm1_name": "Al Hodeidah", "adm1_name1": "الحديده", "adm1_name2": null, "adm1_name3": null, "adm1_pcode": "YE18", "adm0_name": "Yemen", "adm0_name1": null, "adm0_name2": null, "adm0_name3": null, "adm0_pcode": "YE", "valid_on": "2019-11-22", "valid_to": null, "version": "v01", "lang": "en", "lang1": "ar", "lang2": null, "lang3": null }, "geometry": { "type": "Point", "coordinates": [ 43.472964907, 14.907315 ] } },
{ "type": "Feature", "properties": { "admin_level": 2, "name": "Dahr", "name1": "دهر", "name2": null, "name3": null, "x_coord": 47.58831698, "y_coord": 15.509815, "adm4_name": null, "adm4_name1": null, "adm4_name2": null, "adm4_name3": null, "adm4_pcode": null, "adm3_name": null, "adm3_name1": null, "adm3_name2": null, "adm3_name3": null, "adm3_pcode": null, "adm2_name": "Dahr", "adm2_name1": "دهر", "adm2_name2": null, "adm2_name3": null, "adm2_pcode": "YE2101", "adm1_name": "Shabwah", "adm1_name1": "شبوه", "adm1_name2": null, "adm1_name3": null, "adm1_pcode": "YE21", "adm0_name": "Yemen", "adm0_name1": null, "adm0_name2": null, "adm0_name3": null, "adm0_pcode": "YE", "valid_on": "2019-11-22", "valid_to": null, "version": "v01", "lang": "en", "lang1": "ar", "lang2": null, "lang3": null }, "geometry": { "type": "Point", "coordinates": [ 47.588316979000183, 15.509815 ] } },
{ "type": "Feature", "properties": { "admin_level": 2, "name": "Damt", "name1": "دمت", "name2": null, "name3": null, "x_coord": 44.6985725, "y_coord": 14.10479, "adm4_name": null, "adm4_name1": null, "adm4_name2": null, "adm4_name3": null, "adm4_pcode": null, "adm3_name": null, "adm3_name1": null, "adm3_name2": null, "adm3_name3": null, "adm3_pcode": null, "adm2_name": "Damt", "adm2_name1": "دمت", "adm2_name2": null, "adm2_name3": null, "adm2_pcode": "YE3002", "adm1_name": "Ad Dali'", "adm1_name1": "الضالع", "adm1_name2": null, "adm1_name3": null, "adm1_pcode": "YE30", "adm0_name": "Yemen", "adm0_name1": null, "adm0_name2": null, "adm0_name3": null, "adm0_pcode": "YE", "valid_on": "2019-11-22", "valid_to": null, "version": "v01", "lang": "en", "lang1": "ar", "lang2": null, "lang3": null }, "geometry": { "type": "Point", "coordinates": [ 44.698572500000125, 14.10479 ] } },
{ "type": "Feature", "properties": { "admin_level": 2, "name": "Dar Sa'd", "name1": "دار سعد", "name2": null, "name3": null, "x_coord": 44.96898338, "y_coord": 12.91525, "adm4_name": null, "adm4_name1": null, "adm4_name2": null, "adm4_name3": null, "adm4_pcode": null, "adm3_name": null, "adm3_name1": null, "adm3_name2": null, "adm3_name3": null, "adm3_pcode": null, "adm2_name": "Dar Sa'd", "adm2_name1": "دار سعد", "adm2_name2": null, "adm2_name3": null, "adm2_pcode": "YE2401", "adm1_name": "Aden", "adm1_name1": "عدن", "adm1_name2": null, "adm1_name3": null, "adm1_pcode": "YE24", "adm0_name": "Yemen", "adm0_name1": null, "adm0_name2": null, "adm0_name3": null, "adm0_pcode": "YE", "valid_on": "2019-11-22", "valid_to": null, "version": "v01", "lang": "en", "lang1": "ar", "lang2": null, "lang3": null }, "geometry": { "type": "Point", "coordinates": [ 44.968983383000136, 12.915250000000185 ] } },
{ "type": "Feature", "properties": { "admin_level": 2, "name": "Daw'an", "name1": "دوعن", "name2": null, "name3": null, "x_coord": 48.37443394, "y_coord": 15.03734, "adm4_name": null, "adm4_name1": null, "adm4_name2": null, "adm4_name3": null, "adm4_pcode": null, "adm3_name": null, "adm3_name1": null, "adm3_name2": null, "adm3_name3": null, "adm3_pcode": null, "adm2_name": "Daw'an", "adm2_name1": "دوعن", "adm2_name2": null, "adm2_name3": null, "adm2_pcode": "YE1918", "adm1_name": "Hadramawt", "adm1_name1": "حضرموت", "adm1_name2": null, "adm1_name3": null, "adm1_pcode": "YE19", "adm0_name": "Yemen", "adm0_name1": null, "adm0_name2": null, "adm0_name3": null, "adm0_pcode": "YE", "valid_on": "2019-11-22", "valid_to": null, "version": "v01", "lang": "en", "lang1": "ar", "lang2": null, "lang3": null }, "geometry": { "type": "Point", "coordinates": [ 48.37443394200011, 15.03734 ] } },
{ "type": "Feature", "properties": { "admin_level": 2, "name": "Dawran Anis", "name1": "ضوران انس", "name2": null, "name3": null, "x_coord": 44.08105996, "y_coord": 14.82857, "adm4_name": null, "adm4_name1": null, "adm4_name2": null, "adm4_name3": null, "adm4_pcode": null, "adm3_name": null, "adm3_name1": null, "adm3_name2": null, "adm3_name3": null, "adm3_pcode": null, "adm2_name": "Dawran Anis", "adm2_name1": "ضوران انس", "adm2_name2": null, "adm2_name3": null, "adm2_pcode": "YE2011", "adm1_name": "Dhamar", "adm1_name1": "ذمار", "adm1_name2": null, "adm1_name3": null, "adm1_pcode": "YE20", "adm0_name": "Yemen", "adm0_name1": null, "adm0_name2": null, "adm0_name3": null, "adm0_pcode": "YE", "valid_on": "2019-11-22", "valid_to": null, "version": "v01", "lang": "en", "lang1": "ar", "lang2": null, "lang3": null }, "geometry": { "type": "Point", "coordinates": [ 44.081059959000129, 14.82857 ] } },
{ "type": "Feature", "properties": { "admin_level": 2, "name": "Dhamar City", "name1": "مدينة ذمار", "name2": null, "name3": null, "x_coord": 44.39894029, "y_coord": 14.60789, "adm4_name": null, "adm4_name1": null, "adm4_name2": null, "adm4_name3": null, "adm4_pcode": null, "adm3_name": null, "adm3_name1": null, "adm3_name2": null, "adm3_name3": null, "adm3_pcode": null, "adm2_name": "Dhamar City", "adm2_name1": "مدينة ذمار", "adm2_name2": null, "adm2_name3": null, "adm2_pcode": "YE2008", "adm1_name": "Dhamar", "adm1_name1": "ذمار", "adm1_name2": null, "adm1_name3": null, "adm1_pcode": "YE20", "adm0_name": "Yemen", "adm0_name1": null, "adm0_name2": null, "adm0_name3": null, "adm0_pcode": "YE", "valid_on": "2019-11-22", "valid_to": null, "version": "v01", "lang": "en", "lang1": "ar", "lang2": null, "lang3": null }, "geometry": { "type": "Point", "coordinates": [ 44.398940286000141, 14.60789 ] } },
{ "type": "Feature", "properties": { "admin_level": 2, "name": "Dhi As Sufal", "name1": "ذي السفال", "name2": null, "name3": null, "x_coord": 44.07131868, "y_coord": 13.83232825, "adm4_name": null, "adm4_name1": null, "adm4_name2": null, "adm4_name3": null, "adm4_pcode": null, "adm3_name": null, "adm3_name1": null, "adm3_name2": null, "adm3_name3": null, "adm3_pcode": null, "adm2_name": "Dhi As Sufal", "adm2_name1": "ذي السفال", "adm2_name2": null, "adm2_name3": null, "adm2_pcode": "YE1116", "adm1_name": "Ibb", "adm1_name1": "اب", "adm1_name2": null, "adm1_name3": null, "adm1_pcode": "YE11", "adm0_name": "Yemen", "adm0_name1": null, "adm0_name2": null, "adm0_name3": null, "adm0_pcode": "YE", "valid_on": "2019-11-22", "valid_to": null, "version": "v01", "lang": "en", "lang1": "ar", "lang2": null, "lang3": null }, "geometry": { "type": "Point", "coordinates": [ 44.071318681000093, 13.832328253000071 ] } },
{ "type": "Feature", "properties": { "admin_level": 2, "name": "Dhi Na'im", "name1": "ذي ناعم", "name2": null, "name3": null, "x_coord": 45.46095541, "y_coord": 14.10912, "adm4_name": null, "adm4_name1": null, "adm4_name2": null, "adm4_name3": null, "adm4_pcode": null, "adm3_name": null, "adm3_name1": null, "adm3_name2": null, "adm3_name3": null, "adm3_pcode": null, "adm2_name": "Dhi Na'im", "adm2_name1": "ذي ناعم", "adm2_name2": null, "adm2_name3": null, "adm2_pcode": "YE1406", "adm1_name": "Al Bayda", "adm1_name1": "البيضاء", "adm1_name2": null, "adm1_name3": null, "adm1_pcode": "YE14", "adm0_name": "Yemen", "adm0_name1": null, "adm0_name2": null, "adm0_name3": null, "adm0_pcode": "YE", "valid_on": "2019-11-22", "valid_to": null, "version": "v01", "lang": "en", "lang1": "ar", "lang2": null, "lang3": null }, "geometry": { "type": "Point", "coordinates": [ 45.460955414000068, 14.109120000000189 ] } },
{ "type": "Feature", "properties": { "admin_level": 2, "name": "Dhibain", "name1": "ذيبين", "name2": null, "name3": null, "x_coord": 44.14265506, "y_coord": 16.011435, "adm4_name": null, "adm4_name1": null, "adm4_name2": null, "adm4_name3": null, "adm4_pcode": null, "adm3_name": null, "adm3_name1": null, "adm3_name2": null, "adm3_name3": null, "adm3_pcode": null, "adm2_name": "Dhibain", "adm2_name1": "ذيبين", "adm2_name2": null, "adm2_name3": null, "adm2_pcode": "YE2909", "adm1_name": "Amran", "adm1_name1": "عمران", "adm1_name2": null, "adm1_name3": null, "adm1_pcode": "YE29", "adm0_name": "Yemen", "adm0_name1": null, "adm0_name2": null, "adm0_name3": null, "adm0_pcode": "YE", "valid_on": "2019-11-22", "valid_to": null, "version": "v01", "lang": "en", "lang1": "ar", "lang2": null, "lang3": null }, "geometry": { "type": "Point", "coordinates": [ 44.142655056000081, 16.01143499900013 ] } },
{ "type": "Feature", "properties": { "admin_level": 2, "name": "Dhubab", "name1": "باب المندب", "name2": null, "name3": null, "x_coord": 43.5599344, "y_coord": 12.97651501, "adm4_name": null, "adm4_name1": null, "adm4_name2": null, "adm4_name3": null, "adm4_pcode": null, "adm3_name": null, "adm3_name1": null, "adm3_name2": null, "adm3_name3": null, "adm3_pcode": null, "adm2_name": "Dhubab", "adm2_name1": "باب المندب", "adm2_name2": null, "adm2_name3": null, "adm2_pcode": "YE1506", "adm1_name": "Ta'iz", "adm1_name1": "تعز", "adm1_name2": null, "adm1_name3": null, "adm1_pcode": "YE15", "adm0_name": "Yemen", "adm0_name1": null, "adm0_name2": null, "adm0_name3": null, "adm0_pcode": "YE", "valid_on": "2019-11-22", "valid_to": null, "version": "v01", "lang": "en", "lang1": "ar", "lang2": null, "lang3": null }, "geometry": { "type": "Point", "coordinates": [ 43.559934402000181, 12.976515006000056 ] } },
{ "type": "Feature", "properties": { "admin_level": 2, "name": "Dhulaymat Habur", "name1": "ظليمة حبور", "name2": null, "name3": null, "x_coord": 43.70936081, "y_coord": 16.038125, "adm4_name": null, "adm4_name1": null, "adm4_name2": null, "adm4_name3": null, "adm4_pcode": null, "adm3_name": null, "adm3_name1": null, "adm3_name2": null, "adm3_name3": null, "adm3_pcode": null, "adm2_name": "Dhulaymat Habur", "adm2_name1": "ظليمة حبور", "adm2_name2": null, "adm2_name3": null, "adm2_pcode": "YE2908", "adm1_name": "Amran", "adm1_name1": "عمران", "adm1_name2": null, "adm1_name3": null, "adm1_pcode": "YE29", "adm0_name": "Yemen", "adm0_name1": null, "adm0_name2": null, "adm0_name3": null, "adm0_pcode": "YE", "valid_on": "2019-11-22", "valid_to": null, "version": "v01", "lang": "en", "lang1": "ar", "lang2": null, "lang3": null }, "geometry": { "type": "Point", "coordinates": [ 43.709360805000017, 16.038125 ] } },
{ "type": "Feature", "properties": { "admin_level": 2, "name": "Dimnat Khadir", "name1": "خدير", "name2": null, "name3": null, "x_coord": 44.22421394, "y_coord": 13.44130477, "adm4_name": null, "adm4_name1": null, "adm4_name2": null, "adm4_name3": null, "adm4_pcode": null, "adm3_name": null, "adm3_name1": null, "adm3_name2": null, "adm3_name3": null, "adm3_pcode": null, "adm2_name": "Dimnat Khadir", "adm2_name1": "خدير", "adm2_name2": null, "adm2_name3": null, "adm2_pcode": "YE1512", "adm1_name": "Ta'iz", "adm1_name1": "تعز", "adm1_name2": null, "adm1_name3": null, "adm1_pcode": "YE15", "adm0_name": "Yemen", "adm0_name1": null, "adm0_name2": null, "adm0_name3": null, "adm0_pcode": "YE", "valid_on": "2019-11-22", "valid_to": null, "version": "v01", "lang": "en", "lang1": "ar", "lang2": null, "lang3": null }, "geometry": { "type": "Point", "coordinates": [ 44.224213945000031, 13.441304769000169 ] } },
{ "type": "Feature", "properties": { "admin_level": 2, "name": "Eyal Surayh", "name1": "عيال سريح", "name2": null, "name3": null, "x_coord": 44.01274507, "y_coord": 15.64896, "adm4_name": null, "adm4_name1": null, "adm4_name2": null, "adm4_name3": null, "adm4_pcode": null, "adm3_name": null, "adm3_name1": null, "adm3_name2": null, "adm3_name3": null, "adm3_pcode": null, "adm2_name": "Eyal Surayh", "adm2_name1": "عيال سريح", "adm2_name2": null, "adm2_name3": null, "adm2_pcode": "YE2918", "adm1_name": "Amran", "adm1_name1": "عمران", "adm1_name2": null, "adm1_name3": null, "adm1_pcode": "YE29", "adm0_name": "Yemen", "adm0_name1": null, "adm0_name2": null, "adm0_name3": null, "adm0_pcode": "YE", "valid_on": "2019-11-22", "valid_to": null, "version": "v01", "lang": "en", "lang1": "ar", "lang2": null, "lang3": null }, "geometry": { "type": "Point", "coordinates": [ 44.012745071000097, 15.64896 ] } },
{ "type": "Feature", "properties": { "admin_level": 2, "name": "Far' Al Odayn", "name1": "فرع العدين", "name2": null, "name3": null, "x_coord": 43.78992483, "y_coord": 13.95782248, "adm4_name": null, "adm4_name1": null, "adm4_name2": null, "adm4_name3": null, "adm4_pcode": null, "adm3_name": null, "adm3_name1": null, "adm3_name2": null, "adm3_name3": null, "adm3_pcode": null, "adm2_name": "Far' Al Odayn", "adm2_name1": "فرع العدين", "adm2_name2": null, "adm2_name3": null, "adm2_pcode": "YE1110", "adm1_name": "Ibb", "adm1_name1": "اب", "adm1_name2": null, "adm1_name3": null, "adm1_pcode": "YE11", "adm0_name": "Yemen", "adm0_name1": null, "adm0_name2": null, "adm0_name3": null, "adm0_pcode": "YE", "valid_on": "2019-11-22", "valid_to": null, "version": "v01", "lang": "en", "lang1": "ar", "lang2": null, "lang3": null }, "geometry": { "type": "Point", "coordinates": [ 43.789924831000178, 13.957822476999979 ] } },
{ "type": "Feature", "properties": { "admin_level": 2, "name": "Ghamr", "name1": "غمر", "name2": null, "name3": null, "x_coord": 43.34388532, "y_coord": 16.976015, "adm4_name": null, "adm4_name1": null, "adm4_name2": null, "adm4_name3": null, "adm4_pcode": null, "adm3_name": null, "adm3_name1": null, "adm3_name2": null, "adm3_name3": null, "adm3_pcode": null, "adm2_name": "Ghamr", "adm2_name1": "غمر", "adm2_name2": null, "adm2_name3": null, "adm2_pcode": "YE2204", "adm1_name": "Sa'dah", "adm1_name1": "صعده", "adm1_name2": null, "adm1_name3": null, "adm1_pcode": "YE22", "adm0_name": "Yemen", "adm0_name1": null, "adm0_name2": null, "adm0_name3": null, "adm0_pcode": "YE", "valid_on": "2019-11-22", "valid_to": null, "version": "v01", "lang": "en", "lang1": "ar", "lang2": null, "lang3": null }, "geometry": { "type": "Point", "coordinates": [ 43.34388531500008, 16.976015000000189 ] } },
{ "type": "Feature", "properties": { "admin_level": 2, "name": "Ghayl Bawazir", "name1": "غيل باوزير", "name2": null, "name3": null, "x_coord": 49.0759394, "y_coord": 14.88165, "adm4_name": null, "adm4_name1": null, "adm4_name2": null, "adm4_name3": null, "adm4_pcode": null, "adm3_name": null, "adm3_name1": null, "adm3_name2": null, "adm3_name3": null, "adm3_pcode": null, "adm2_name": "Ghayl Bawazir", "adm2_name1": "غيل باوزير", "adm2_name2": null, "adm2_name3": null, "adm2_pcode": "YE1917", "adm1_name": "Hadramawt", "adm1_name1": "حضرموت", "adm1_name2": null, "adm1_name3": null, "adm1_pcode": "YE19", "adm0_name": "Yemen", "adm0_name1": null, "adm0_name2": null, "adm0_name3": null, "adm0_pcode": "YE", "valid_on": "2019-11-22", "valid_to": null, "version": "v01", "lang": "en", "lang1": "ar", "lang2": null, "lang3": null }, "geometry": { "type": "Point", "coordinates": [ 49.075939398000116, 14.88165 ] } },
{ "type": "Feature", "properties": { "admin_level": 2, "name": "Ghayl bin Yamin", "name1": "غيل بن يمين", "name2": null, "name3": null, "x_coord": 49.4814027, "y_coord": 15.383005, "adm4_name": null, "adm4_name1": null, "adm4_name2": null, "adm4_name3": null, "adm4_pcode": null, "adm3_name": null, "adm3_name1": null, "adm3_name2": null, "adm3_name3": null, "adm3_pcode": null, "adm2_name": "Ghayl bin Yamin", "adm2_name1": "غيل بن يمين", "adm2_name2": null, "adm2_name3": null, "adm2_pcode": "YE1916", "adm1_name": "Hadramawt", "adm1_name1": "حضرموت", "adm1_name2": null, "adm1_name3": null, "adm1_pcode": "YE19", "adm0_name": "Yemen", "adm0_name1": null, "adm0_name2": null, "adm0_name3": null, "adm0_pcode": "YE", "valid_on": "2019-11-22", "valid_to": null, "version": "v01", "lang": "en", "lang1": "ar", "lang2": null, "lang3": null }, "geometry": { "type": "Point", "coordinates": [ 49.481402697000135, 15.383005000000139 ] } },
{ "type": "Feature", "properties": { "admin_level": 2, "name": "Habban", "name1": "حبان", "name2": null, "name3": null, "x_coord": 47.12308064, "y_coord": 14.306055, "adm4_name": null, "adm4_name1": null, "adm4_name2": null, "adm4_name3": null, "adm4_pcode": null, "adm3_name": null, "adm3_name1": null, "adm3_name2": null, "adm3_name3": null, "adm3_pcode": null, "adm2_name": "Habban", "adm2_name1": "حبان", "adm2_name2": null, "adm2_name3": null, "adm2_pcode": "YE2114", "adm1_name": "Shabwah", "adm1_name1": "شبوه", "adm1_name2": null, "adm1_name3": null, "adm1_pcode": "YE21", "adm0_name": "Yemen", "adm0_name1": null, "adm0_name2": null, "adm0_name3": null, "adm0_pcode": "YE", "valid_on": "2019-11-22", "valid_to": null, "version": "v01", "lang": "en", "lang1": "ar", "lang2": null, "lang3": null }, "geometry": { "type": "Point", "coordinates": [ 47.123080642000104, 14.306055000000129 ] } },
{ "type": "Feature", "properties": { "admin_level": 2, "name": "Habil Jabr", "name1": "حبيل جبر", "name2": null, "name3": null, "x_coord": 45.06177716, "y_coord": 13.60126, "adm4_name": null, "adm4_name1": null, "adm4_name2": null, "adm4_name3": null, "adm4_pcode": null, "adm3_name": null, "adm3_name1": null, "adm3_name2": null, "adm3_name3": null, "adm3_pcode": null, "adm2_name": "Habil Jabr", "adm2_name1": "حبيل جبر", "adm2_name2": null, "adm2_name3": null, "adm2_pcode": "YE2505", "adm1_name": "Lahj", "adm1_name1": "لحج", "adm1_name2": null, "adm1_name3": null, "adm1_pcode": "YE25", "adm0_name": "Yemen", "adm0_name1": null, "adm0_name2": null, "adm0_name3": null, "adm0_pcode": "YE", "valid_on": "2019-11-22", "valid_to": null, "version": "v01", "lang": "en", "lang1": "ar", "lang2": null, "lang3": null }, "geometry": { "type": "Point", "coordinates": [ 45.061777164000091, 13.60126 ] } },
{ "type": "Feature", "properties": { "admin_level": 2, "name": "Hadibu", "name1": "حديبو", "name2": null, "name3": null, "x_coord": 54.08550703, "y_coord": 12.49755999, "adm4_name": null, "adm4_name1": null, "adm4_name2": null, "adm4_name3": null, "adm4_pcode": null, "adm3_name": null, "adm3_name1": null, "adm3_name2": null, "adm3_name3": null, "adm3_pcode": null, "adm2_name": "Hadibu", "adm2_name1": "حديبو", "adm2_name2": null, "adm2_name3": null, "adm2_pcode": "YE3201", "adm1_name": "Socotra", "adm1_name1": "سقطرى", "adm1_name2": null, "adm1_name3": null, "adm1_pcode": "YE32", "adm0_name": "Yemen", "adm0_name1": null, "adm0_name2": null, "adm0_name3": null, "adm0_pcode": "YE", "valid_on": "2019-11-22", "valid_to": null, "version": "v01", "lang": "en", "lang1": "ar", "lang2": null, "lang3": null }, "geometry": { "type": "Point", "coordinates": [ 54.085507025000027, 12.497559987000159 ] } },
{ "type": "Feature", "properties": { "admin_level": 2, "name": "Hajar", "name1": "حجر", "name2": null, "name3": null, "x_coord": 48.32923169, "y_coord": 14.514065, "adm4_name": null, "adm4_name1": null, "adm4_name2": null, "adm4_name3": null, "adm4_pcode": null, "adm3_name": null, "adm3_name1": null, "adm3_name2": null, "adm3_name3": null, "adm3_pcode": null, "adm2_name": "Hajar", "adm2_name1": "حجر", "adm2_name2": null, "adm2_name3": null, "adm2_pcode": "YE1924", "adm1_name": "Hadramawt", "adm1_name1": "حضرموت", "adm1_name2": null, "adm1_name3": null, "adm1_pcode": "YE19", "adm0_name": "Yemen", "adm0_name1": null, "adm0_name2": null, "adm0_name3": null, "adm0_pcode": "YE", "valid_on": "2019-11-22", "valid_to": null, "version": "v01", "lang": "en", "lang1": "ar", "lang2": null, "lang3": null }, "geometry": { "type": "Point", "coordinates": [ 48.329231693000111, 14.514065000000187 ] } },
{ "type": "Feature", "properties": { "admin_level": 2, "name": "Hajar As Say'ar", "name1": "حجر الصيعر", "name2": null, "name3": null, "x_coord": 48.05456582, "y_coord": 16.297465, "adm4_name": null, "adm4_name1": null, "adm4_name2": null, "adm4_name3": null, "adm4_pcode": null, "adm3_name": null, "adm3_name1": null, "adm3_name2": null, "adm3_name3": null, "adm3_pcode": null, "adm2_name": "Hajar As Say'ar", "adm2_name1": "حجر الصيعر", "adm2_name2": null, "adm2_name3": null, "adm2_pcode": "YE1905", "adm1_name": "Hadramawt", "adm1_name1": "حضرموت", "adm1_name2": null, "adm1_name3": null, "adm1_pcode": "YE19", "adm0_name": "Yemen", "adm0_name1": null, "adm0_name2": null, "adm0_name3": null, "adm0_pcode": "YE", "valid_on": "2019-11-22", "valid_to": null, "version": "v01", "lang": "en", "lang1": "ar", "lang2": null, "lang3": null }, "geometry": { "type": "Point", "coordinates": [ 48.054565824000065, 16.297465 ] } },
{ "type": "Feature", "properties": { "admin_level": 2, "name": "Hajjah", "name1": "حجه", "name2": null, "name3": null, "x_coord": 43.47180857, "y_coord": 15.67468096, "adm4_name": null, "adm4_name1": null, "adm4_name2": null, "adm4_name3": null, "adm4_pcode": null, "adm3_name": null, "adm3_name1": null, "adm3_name2": null, "adm3_name3": null, "adm3_pcode": null, "adm2_name": "Hajjah", "adm2_name1": "حجه", "adm2_name2": null, "adm2_name3": null, "adm2_pcode": "YE1729", "adm1_name": "Hajjah", "adm1_name1": "حجه", "adm1_name2": null, "adm1_name3": null, "adm1_pcode": "YE17", "adm0_name": "Yemen", "adm0_name1": null, "adm0_name2": null, "adm0_name3": null, "adm0_pcode": "YE", "valid_on": "2019-11-22", "valid_to": null, "version": "v01", "lang": "en", "lang1": "ar", "lang2": null, "lang3": null }, "geometry": { "type": "Point", "coordinates": [ 43.471808569000075, 15.674680956000145 ] } },
{ "type": "Feature", "properties": { "admin_level": 2, "name": "Hajjah City", "name1": "مدينة حجه", "name2": null, "name3": null, "x_coord": 43.59323985, "y_coord": 15.68403205, "adm4_name": null, "adm4_name1": null, "adm4_name2": null, "adm4_name3": null, "adm4_pcode": null, "adm3_name": null, "adm3_name1": null, "adm3_name2": null, "adm3_name3": null, "adm3_pcode": null, "adm2_name": "Hajjah City", "adm2_name1": "مدينة حجه", "adm2_name2": null, "adm2_name3": null, "adm2_pcode": "YE1728", "adm1_name": "Hajjah", "adm1_name1": "حجه", "adm1_name2": null, "adm1_name3": null, "adm1_pcode": "YE17", "adm0_name": "Yemen", "adm0_name1": null, "adm0_name2": null, "adm0_name3": null, "adm0_pcode": "YE", "valid_on": "2019-11-22", "valid_to": null, "version": "v01", "lang": "en", "lang1": "ar", "lang2": null, "lang3": null }, "geometry": { "type": "Point", "coordinates": [ 43.593239850000032, 15.684032045000151 ] } },
{ "type": "Feature", "properties": { "admin_level": 2, "name": "Halmin", "name1": "حالمين", "name2": null, "name3": null, "x_coord": 44.90868367, "y_coord": 13.695995, "adm4_name": null, "adm4_name1": null, "adm4_name2": null, "adm4_name3": null, "adm4_pcode": null, "adm3_name": null, "adm3_name1": null, "adm3_name2": null, "adm3_name3": null, "adm3_pcode": null, "adm2_name": "Halmin", "adm2_name1": "حالمين", "adm2_name2": null, "adm2_name3": null, "adm2_pcode": "YE2506", "adm1_name": "Lahj", "adm1_name1": "لحج", "adm1_name2": null, "adm1_name3": null, "adm1_pcode": "YE25", "adm0_name": "Yemen", "adm0_name1": null, "adm0_name2": null, "adm0_name3": null, "adm0_pcode": "YE", "valid_on": "2019-11-22", "valid_to": null, "version": "v01", "lang": "en", "lang1": "ar", "lang2": null, "lang3": null }, "geometry": { "type": "Point", "coordinates": [ 44.908683667, 13.695995000000153 ] } },
{ "type": "Feature", "properties": { "admin_level": 2, "name": "Hamdan", "name1": "همدان", "name2": null, "name3": null, "x_coord": 44.05324961, "y_coord": 15.47997, "adm4_name": null, "adm4_name1": null, "adm4_name2": null, "adm4_name3": null, "adm4_pcode": null, "adm3_name": null, "adm3_name1": null, "adm3_name2": null, "adm3_name3": null, "adm3_pcode": null, "adm2_name": "Hamdan", "adm2_name1": "همدان", "adm2_name2": null, "adm2_name3": null, "adm2_pcode": "YE2301", "adm1_name": "Sana'a", "adm1_name1": "صنعاء", "adm1_name2": null, "adm1_name3": null, "adm1_pcode": "YE23", "adm0_name": "Yemen", "adm0_name1": null, "adm0_name2": null, "adm0_name3": null, "adm0_pcode": "YE", "valid_on": "2019-11-22", "valid_to": null, "version": "v01", "lang": "en", "lang1": "ar", "lang2": null, "lang3": null }, "geometry": { "type": "Point", "coordinates": [ 44.053249614000094, 15.479970000000151 ] } },
{ "type": "Feature", "properties": { "admin_level": 2, "name": "Harad", "name1": "حرض", "name2": null, "name3": null, "x_coord": 43.10536942, "y_coord": 16.476625, "adm4_name": null, "adm4_name1": null, "adm4_name2": null, "adm4_name3": null, "adm4_pcode": null, "adm3_name": null, "adm3_name1": null, "adm3_name2": null, "adm3_name3": null, "adm3_pcode": null, "adm2_name": "Harad", "adm2_name1": "حرض", "adm2_name2": null, "adm2_name3": null, "adm2_pcode": "YE1702", "adm1_name": "Hajjah", "adm1_name1": "حجه", "adm1_name2": null, "adm1_name3": null, "adm1_pcode": "YE17", "adm0_name": "Yemen", "adm0_name1": null, "adm0_name2": null, "adm0_name3": null, "adm0_pcode": "YE", "valid_on": "2019-11-22", "valid_to": null, "version": "v01", "lang": "en", "lang1": "ar", "lang2": null, "lang3": null }, "geometry": { "type": "Point", "coordinates": [ 43.10536941700019, 16.476625000000126 ] } },
{ "type": "Feature", "properties": { "admin_level": 2, "name": "Harf Sufyan", "name1": "حرف سفيان", "name2": null, "name3": null, "x_coord": 44.10038627, "y_coord": 16.372225, "adm4_name": null, "adm4_name1": null, "adm4_name2": null, "adm4_name3": null, "adm4_pcode": null, "adm3_name": null, "adm3_name1": null, "adm3_name2": null, "adm3_name3": null, "adm3_pcode": null, "adm2_name": "Harf Sufyan", "adm2_name1": "حرف سفيان", "adm2_name2": null, "adm2_name3": null, "adm2_pcode": "YE2901", "adm1_name": "Amran", "adm1_name1": "عمران", "adm1_name2": null, "adm1_name3": null, "adm1_pcode": "YE29", "adm0_name": "Yemen", "adm0_name1": null, "adm0_name2": null, "adm0_name3": null, "adm0_pcode": "YE", "valid_on": "2019-11-22", "valid_to": null, "version": "v01", "lang": "en", "lang1": "ar", "lang2": null, "lang3": null }, "geometry": { "type": "Point", "coordinates": [ 44.100386274000073, 16.372224999000025 ] } },
{ "type": "Feature", "properties": { "admin_level": 2, "name": "Harib", "name1": "حريب", "name2": null, "name3": null, "x_coord": 45.37899988, "y_coord": 14.919115, "adm4_name": null, "adm4_name1": null, "adm4_name2": null, "adm4_name3": null, "adm4_pcode": null, "adm3_name": null, "adm3_name1": null, "adm3_name2": null, "adm3_name3": null, "adm3_pcode": null, "adm2_name": "Harib", "adm2_name1": "حريب", "adm2_name2": null, "adm2_name3": null, "adm2_pcode": "YE2609", "adm1_name": "Ma'rib", "adm1_name1": "مارب", "adm1_name2": null, "adm1_name3": null, "adm1_pcode": "YE26", "adm0_name": "Yemen", "adm0_name1": null, "adm0_name2": null, "adm0_name3": null, "adm0_pcode": "YE", "valid_on": "2019-11-22", "valid_to": null, "version": "v01", "lang": "en", "lang1": "ar", "lang2": null, "lang3": null }, "geometry": { "type": "Point", "coordinates": [ 45.378999877000012, 14.919115 ] } },
{ "type": "Feature", "properties": { "admin_level": 2, "name": "Harib Al Qaramish", "name1": "حريب القرامش", "name2": null, "name3": null, "x_coord": 44.62195565, "y_coord": 15.46669078, "adm4_name": null, "adm4_name1": null, "adm4_name2": null, "adm4_name3": null, "adm4_pcode": null, "adm3_name": null, "adm3_name1": null, "adm3_name2": null, "adm3_name3": null, "adm3_pcode": null, "adm2_name": "Harib Al Qaramish", "adm2_name1": "حريب القرامش", "adm2_name2": null, "adm2_name3": null, "adm2_pcode": "YE2604", "adm1_name": "Ma'rib", "adm1_name1": "مارب", "adm1_name2": null, "adm1_name3": null, "adm1_pcode": "YE26", "adm0_name": "Yemen", "adm0_name1": null, "adm0_name2": null, "adm0_name3": null, "adm0_pcode": "YE", "valid_on": "2019-11-22", "valid_to": null, "version": "v01", "lang": "en", "lang1": "ar", "lang2": null, "lang3": null }, "geometry": { "type": "Point", "coordinates": [ 44.621955652000054, 15.466690781000182 ] } },
{ "type": "Feature", "properties": { "admin_level": 2, "name": "Haridah", "name1": "حريضه", "name2": null, "name3": null, "x_coord": 48.15615196, "y_coord": 15.5464, "adm4_name": null, "adm4_name1": null, "adm4_name2": null, "adm4_name3": null, "adm4_pcode": null, "adm3_name": null, "adm3_name1": null, "adm3_name2": null, "adm3_name3": null, "adm3_pcode": null, "adm2_name": "Haridah", "adm2_name1": "حريضه", "adm2_name2": null, "adm2_name3": null, "adm2_pcode": "YE1928", "adm1_name": "Hadramawt", "adm1_name1": "حضرموت", "adm1_name2": null, "adm1_name3": null, "adm1_pcode": "YE19", "adm0_name": "Yemen", "adm0_name1": null, "adm0_name2": null, "adm0_name3": null, "adm0_pcode": "YE", "valid_on": "2019-11-22", "valid_to": null, "version": "v01", "lang": "en", "lang1": "ar", "lang2": null, "lang3": null }, "geometry": { "type": "Point", "coordinates": [ 48.156151956000144, 15.5464 ] } },
{ "type": "Feature", "properties": { "admin_level": 2, "name": "Haswin", "name1": "حصوين", "name2": null, "name3": null, "x_coord": 51.92548181, "y_coord": 15.725515, "adm4_name": null, "adm4_name1": null, "adm4_name2": null, "adm4_name3": null, "adm4_pcode": null, "adm3_name": null, "adm3_name1": null, "adm3_name2": null, "adm3_name3": null, "adm3_pcode": null, "adm2_name": "Haswin", "adm2_name1": "حصوين", "adm2_name2": null, "adm2_name3": null, "adm2_pcode": "YE2809", "adm1_name": "Al Maharah", "adm1_name1": "المهره", "adm1_name2": null, "adm1_name3": null, "adm1_pcode": "YE28", "adm0_name": "Yemen", "adm0_name1": null, "adm0_name2": null, "adm0_name3": null, "adm0_pcode": "YE", "valid_on": "2019-11-22", "valid_to": null, "version": "v01", "lang": "en", "lang1": "ar", "lang2": null, "lang3": null }, "geometry": { "type": "Point", "coordinates": [ 51.925481814000193, 15.725514998000108 ] } },
{ "type": "Feature", "properties": { "admin_level": 2, "name": "Hat", "name1": "حات", "name2": null, "name3": null, "x_coord": 51.73960715, "y_coord": 17.41957, "adm4_name": null, "adm4_name1": null, "adm4_name2": null, "adm4_name3": null, "adm4_pcode": null, "adm3_name": null, "adm3_name1": null, "adm3_name2": null, "adm3_name3": null, "adm3_pcode": null, "adm2_name": "Hat", "adm2_name1": "حات", "adm2_name2": null, "adm2_name3": null, "adm2_pcode": "YE2802", "adm1_name": "Al Maharah", "adm1_name1": "المهره", "adm1_name2": null, "adm1_name3": null, "adm1_pcode": "YE28", "adm0_name": "Yemen", "adm0_name1": null, "adm0_name2": null, "adm0_name3": null, "adm0_pcode": "YE", "valid_on": "2019-11-22", "valid_to": null, "version": "v01", "lang": "en", "lang1": "ar", "lang2": null, "lang3": null }, "geometry": { "type": "Point", "coordinates": [ 51.739607146000026, 17.419569999000089 ] } },
{ "type": "Feature", "properties": { "admin_level": 2, "name": "Hatib", "name1": "حطيب", "name2": null, "name3": null, "x_coord": 46.55389733, "y_coord": 14.17855, "adm4_name": null, "adm4_name1": null, "adm4_name2": null, "adm4_name3": null, "adm4_pcode": null, "adm3_name": null, "adm3_name1": null, "adm3_name2": null, "adm3_name3": null, "adm3_pcode": null, "adm2_name": "Hatib", "adm2_name1": "حطيب", "adm2_name2": null, "adm2_name3": null, "adm2_pcode": "YE2111", "adm1_name": "Shabwah", "adm1_name1": "شبوه", "adm1_name2": null, "adm1_name3": null, "adm1_pcode": "YE21", "adm0_name": "Yemen", "adm0_name1": null, "adm0_name2": null, "adm0_name3": null, "adm0_pcode": "YE", "valid_on": "2019-11-22", "valid_to": null, "version": "v01", "lang": "en", "lang1": "ar", "lang2": null, "lang3": null }, "geometry": { "type": "Point", "coordinates": [ 46.55389733100003, 14.17855 ] } },
{ "type": "Feature", "properties": { "admin_level": 2, "name": "Hawf", "name1": "حوف", "name2": null, "name3": null, "x_coord": 52.81477681, "y_coord": 16.70066, "adm4_name": null, "adm4_name1": null, "adm4_name2": null, "adm4_name3": null, "adm4_pcode": null, "adm3_name": null, "adm3_name1": null, "adm3_name2": null, "adm3_name3": null, "adm3_pcode": null, "adm2_name": "Hawf", "adm2_name1": "حوف", "adm2_name2": null, "adm2_name3": null, "adm2_pcode": "YE2803", "adm1_name": "Al Maharah", "adm1_name1": "المهره", "adm1_name2": null, "adm1_name3": null, "adm1_pcode": "YE28", "adm0_name": "Yemen", "adm0_name1": null, "adm0_name2": null, "adm0_name3": null, "adm0_pcode": "YE", "valid_on": "2019-11-22", "valid_to": null, "version": "v01", "lang": "en", "lang1": "ar", "lang2": null, "lang3": null }, "geometry": { "type": "Point", "coordinates": [ 52.814776806000168, 16.700659997000116 ] } },
{ "type": "Feature", "properties": { "admin_level": 2, "name": "Haydan", "name1": "حيدان", "name2": null, "name3": null, "x_coord": 43.40899367, "y_coord": 16.72325, "adm4_name": null, "adm4_name1": null, "adm4_name2": null, "adm4_name3": null, "adm4_pcode": null, "adm3_name": null, "adm3_name1": null, "adm3_name2": null, "adm3_name3": null, "adm3_pcode": null, "adm2_name": "Haydan", "adm2_name1": "حيدان", "adm2_name2": null, "adm2_name3": null, "adm2_pcode": "YE2208", "adm1_name": "Sa'dah", "adm1_name1": "صعده", "adm1_name2": null, "adm1_name3": null, "adm1_pcode": "YE22", "adm0_name": "Yemen", "adm0_name1": null, "adm0_name2": null, "adm0_name3": null, "adm0_pcode": "YE", "valid_on": "2019-11-22", "valid_to": null, "version": "v01", "lang": "en", "lang1": "ar", "lang2": null, "lang3": null }, "geometry": { "type": "Point", "coordinates": [ 43.408993672000122, 16.72325 ] } },
{ "type": "Feature", "properties": { "admin_level": 2, "name": "Hayfan", "name1": "حيفان", "name2": null, "name3": null, "x_coord": 44.27627209, "y_coord": 13.29113, "adm4_name": null, "adm4_name1": null, "adm4_name2": null, "adm4_name3": null, "adm4_pcode": null, "adm3_name": null, "adm3_name1": null, "adm3_name2": null, "adm3_name3": null, "adm3_pcode": null, "adm2_name": "Hayfan", "adm2_name1": "حيفان", "adm2_name2": null, "adm2_name3": null, "adm2_pcode": "YE1516", "adm1_name": "Ta'iz", "adm1_name1": "تعز", "adm1_name2": null, "adm1_name3": null, "adm1_pcode": "YE15", "adm0_name": "Yemen", "adm0_name1": null, "adm0_name2": null, "adm0_name3": null, "adm0_pcode": "YE", "valid_on": "2019-11-22", "valid_to": null, "version": "v01", "lang": "en", "lang1": "ar", "lang2": null, "lang3": null }, "geometry": { "type": "Point", "coordinates": [ 44.276272092999989, 13.291130001000056 ] } },
{ "type": "Feature", "properties": { "admin_level": 2, "name": "Hayran", "name1": "حيران", "name2": null, "name3": null, "x_coord": 43.06096344, "y_coord": 16.25463, "adm4_name": null, "adm4_name1": null, "adm4_name2": null, "adm4_name3": null, "adm4_pcode": null, "adm3_name": null, "adm3_name1": null, "adm3_name2": null, "adm3_name3": null, "adm3_pcode": null, "adm2_name": "Hayran", "adm2_name1": "حيران", "adm2_name2": null, "adm2_name3": null, "adm2_pcode": "YE1705", "adm1_name": "Hajjah", "adm1_name1": "حجه", "adm1_name2": null, "adm1_name3": null, "adm1_pcode": "YE17", "adm0_name": "Yemen", "adm0_name1": null, "adm0_name2": null, "adm0_name3": null, "adm0_pcode": "YE", "valid_on": "2019-11-22", "valid_to": null, "version": "v01", "lang": "en", "lang1": "ar", "lang2": null, "lang3": null }, "geometry": { "type": "Point", "coordinates": [ 43.060963436000122, 16.25463 ] } },
{ "type": "Feature", "properties": { "admin_level": 2, "name": "Hays", "name1": "حيس", "name2": null, "name3": null, "x_coord": 43.50436902, "y_coord": 13.929655, "adm4_name": null, "adm4_name1": null, "adm4_name2": null, "adm4_name3": null, "adm4_pcode": null, "adm3_name": null, "adm3_name1": null, "adm3_name2": null, "adm3_name3": null, "adm3_pcode": null, "adm2_name": "Hays", "adm2_name1": "حيس", "adm2_name2": null, "adm2_name3": null, "adm2_pcode": "YE1819", "adm1_name": "Al Hodeidah", "adm1_name1": "الحديده", "adm1_name2": null, "adm1_name3": null, "adm1_pcode": "YE18", "adm0_name": "Yemen", "adm0_name1": null, "adm0_name2": null, "adm0_name3": null, "adm0_pcode": "YE", "valid_on": "2019-11-22", "valid_to": null, "version": "v01", "lang": "en", "lang1": "ar", "lang2": null, "lang3": null }, "geometry": { "type": "Point", "coordinates": [ 43.504369016000055, 13.929655 ] } },
{ "type": "Feature", "properties": { "admin_level": 2, "name": "Hazm Al Odayn", "name1": "حزم العدين", "name2": null, "name3": null, "x_coord": 43.83320883, "y_coord": 14.11170852, "adm4_name": null, "adm4_name1": null, "adm4_name2": null, "adm4_name3": null, "adm4_pcode": null, "adm3_name": null, "adm3_name1": null, "adm3_name2": null, "adm3_name3": null, "adm3_pcode": null, "adm2_name": "Hazm Al Odayn", "adm2_name1": "حزم العدين", "adm2_name2": null, "adm2_name3": null, "adm2_pcode": "YE1109", "adm1_name": "Ibb", "adm1_name1": "اب", "adm1_name2": null, "adm1_name3": null, "adm1_pcode": "YE11", "adm0_name": "Yemen", "adm0_name1": null, "adm0_name2": null, "adm0_name3": null, "adm0_pcode": "YE", "valid_on": "2019-11-22", "valid_to": null, "version": "v01", "lang": "en", "lang1": "ar", "lang2": null, "lang3": null }, "geometry": { "type": "Point", "coordinates": [ 43.833208830000103, 14.11170852500004 ] } },
{ "type": "Feature", "properties": { "admin_level": 2, "name": "Hobeish", "name1": "حبيش", "name2": null, "name3": null, "x_coord": 44.10424944, "y_coord": 14.11770249, "adm4_name": null, "adm4_name1": null, "adm4_name2": null, "adm4_name3": null, "adm4_pcode": null, "adm3_name": null, "adm3_name1": null, "adm3_name2": null, "adm3_name3": null, "adm3_pcode": null, "adm2_name": "Hobeish", "adm2_name1": "حبيش", "adm2_name2": null, "adm2_name3": null, "adm2_pcode": "YE1108", "adm1_name": "Ibb", "adm1_name1": "اب", "adm1_name2": null, "adm1_name3": null, "adm1_pcode": "YE11", "adm0_name": "Yemen", "adm0_name1": null, "adm0_name2": null, "adm0_name3": null, "adm0_pcode": "YE", "valid_on": "2019-11-22", "valid_to": null, "version": "v01", "lang": "en", "lang1": "ar", "lang2": null, "lang3": null }, "geometry": { "type": "Point", "coordinates": [ 44.104249436000146, 14.117702488000077 ] } },
{ "type": "Feature", "properties": { "admin_level": 2, "name": "Hufash", "name1": "حفاش", "name2": null, "name3": null, "x_coord": 43.43271866, "y_coord": 15.37515, "adm4_name": null, "adm4_name1": null, "adm4_name2": null, "adm4_name3": null, "adm4_pcode": null, "adm3_name": null, "adm3_name1": null, "adm3_name2": null, "adm3_name3": null, "adm3_pcode": null, "adm2_name": "Hufash", "adm2_name1": "حفاش", "adm2_name2": null, "adm2_name3": null, "adm2_pcode": "YE2706", "adm1_name": "Al Mahwit", "adm1_name1": "المحويت", "adm1_name2": null, "adm1_name3": null, "adm1_pcode": "YE27", "adm0_name": "Yemen", "adm0_name1": null, "adm0_name2": null, "adm0_name3": null, "adm0_pcode": "YE", "valid_on": "2019-11-22", "valid_to": null, "version": "v01", "lang": "en", "lang1": "ar", "lang2": null, "lang3": null }, "geometry": { "type": "Point", "coordinates": [ 43.432718663000173, 15.37515000000019 ] } },
{ "type": "Feature", "properties": { "admin_level": 2, "name": "Huth", "name1": "حوث", "name2": null, "name3": null, "x_coord": 43.98286668, "y_coord": 16.27583, "adm4_name": null, "adm4_name1": null, "adm4_name2": null, "adm4_name3": null, "adm4_pcode": null, "adm3_name": null, "adm3_name1": null, "adm3_name2": null, "adm3_name3": null, "adm3_pcode": null, "adm2_name": "Huth", "adm2_name1": "حوث", "adm2_name2": null, "adm2_name3": null, "adm2_pcode": "YE2902", "adm1_name": "Amran", "adm1_name1": "عمران", "adm1_name2": null, "adm1_name3": null, "adm1_pcode": "YE29", "adm0_name": "Yemen", "adm0_name1": null, "adm0_name2": null, "adm0_name3": null, "adm0_pcode": "YE", "valid_on": "2019-11-22", "valid_to": null, "version": "v01", "lang": "en", "lang1": "ar", "lang2": null, "lang3": null }, "geometry": { "type": "Point", "coordinates": [ 43.982866677000118, 16.27583 ] } },
{ "type": "Feature", "properties": { "admin_level": 2, "name": "Ibb", "name1": "اب", "name2": null, "name3": null, "x_coord": 44.09262864, "y_coord": 13.99206847, "adm4_name": null, "adm4_name1": null, "adm4_name2": null, "adm4_name3": null, "adm4_pcode": null, "adm3_name": null, "adm3_name1": null, "adm3_name2": null, "adm3_name3": null, "adm3_pcode": null, "adm2_name": "Ibb", "adm2_name1": "اب", "adm2_name2": null, "adm2_name3": null, "adm2_pcode": "YE1120", "adm1_name": "Ibb", "adm1_name1": "اب", "adm1_name2": null, "adm1_name3": null, "adm1_pcode": "YE11", "adm0_name": "Yemen", "adm0_name1": null, "adm0_name2": null, "adm0_name3": null, "adm0_pcode": "YE", "valid_on": "2019-11-22", "valid_to": null, "version": "v01", "lang": "en", "lang1": "ar", "lang2": null, "lang3": null }, "geometry": { "type": "Point", "coordinates": [ 44.092628643000069, 13.992068474000178 ] } },
{ "type": "Feature", "properties": { "admin_level": 2, "name": "Jabal Ash sharq", "name1": "جبل الشرق", "name2": null, "name3": null, "x_coord": 43.91969559, "y_coord": 14.7377, "adm4_name": null, "adm4_name1": null, "adm4_name2": null, "adm4_name3": null, "adm4_pcode": null, "adm3_name": null, "adm3_name1": null, "adm3_name2": null, "adm3_name3": null, "adm3_pcode": null, "adm2_name": "Jabal Ash sharq", "adm2_name1": "جبل الشرق", "adm2_name2": null, "adm2_name3": null, "adm2_pcode": "YE2003", "adm1_name": "Dhamar", "adm1_name1": "ذمار", "adm1_name2": null, "adm1_name3": null, "adm1_pcode": "YE20", "adm0_name": "Yemen", "adm0_name1": null, "adm0_name2": null, "adm0_name3": null, "adm0_pcode": "YE", "valid_on": "2019-11-22", "valid_to": null, "version": "v01", "lang": "en", "lang1": "ar", "lang2": null, "lang3": null }, "geometry": { "type": "Point", "coordinates": [ 43.919695590000174, 14.7377 ] } },
{ "type": "Feature", "properties": { "admin_level": 2, "name": "Jabal Eyal Yazid", "name1": "جبل عيال يزيد", "name2": null, "name3": null, "x_coord": 43.93516354, "y_coord": 15.7704, "adm4_name": null, "adm4_name1": null, "adm4_name2": null, "adm4_name3": null, "adm4_pcode": null, "adm3_name": null, "adm3_name1": null, "adm3_name2": null, "adm3_name3": null, "adm3_pcode": null, "adm2_name": "Jabal Eyal Yazid", "adm2_name1": "جبل عيال يزيد", "adm2_name2": null, "adm2_name3": null, "adm2_pcode": "YE2912", "adm1_name": "Amran", "adm1_name1": "عمران", "adm1_name2": null, "adm1_name3": null, "adm1_pcode": "YE29", "adm0_name": "Yemen", "adm0_name1": null, "adm0_name2": null, "adm0_name3": null, "adm0_pcode": "YE", "valid_on": "2019-11-22", "valid_to": null, "version": "v01", "lang": "en", "lang1": "ar", "lang2": null, "lang3": null }, "geometry": { "type": "Point", "coordinates": [ 43.935163538000097, 15.7704 ] } },
{ "type": "Feature", "properties": { "admin_level": 2, "name": "Jabal Habashi", "name1": "جبل حبشي", "name2": null, "name3": null, "x_coord": 43.89455112, "y_coord": 13.464655, "adm4_name": null, "adm4_name1": null, "adm4_name2": null, "adm4_name3": null, "adm4_pcode": null, "adm3_name": null, "adm3_name1": null, "adm3_name2": null, "adm3_name3": null, "adm3_pcode": null, "adm2_name": "Jabal Habashi", "adm2_name1": "جبل حبشي", "adm2_name2": null, "adm2_name3": null, "adm2_pcode": "YE1508", "adm1_name": "Ta'iz", "adm1_name1": "تعز", "adm1_name2": null, "adm1_name3": null, "adm1_pcode": "YE15", "adm0_name": "Yemen", "adm0_name1": null, "adm0_name2": null, "adm0_name3": null, "adm0_pcode": "YE", "valid_on": "2019-11-22", "valid_to": null, "version": "v01", "lang": "en", "lang1": "ar", "lang2": null, "lang3": null }, "geometry": { "type": "Point", "coordinates": [ 43.894551118000152, 13.464655000000107 ] } },
{ "type": "Feature", "properties": { "admin_level": 2, "name": "Jabal Murad", "name1": "جبل مراد", "name2": null, "name3": null, "x_coord": 45.19160245, "y_coord": 15.045135, "adm4_name": null, "adm4_name1": null, "adm4_name2": null, "adm4_name3": null, "adm4_pcode": null, "adm3_name": null, "adm3_name1": null, "adm3_name2": null, "adm3_name3": null, "adm3_pcode": null, "adm2_name": "Jabal Murad", "adm2_name1": "جبل مراد", "adm2_name2": null, "adm2_name3": null, "adm2_pcode": "YE2614", "adm1_name": "Ma'rib", "adm1_name1": "مارب", "adm1_name2": null, "adm1_name3": null, "adm1_pcode": "YE26", "adm0_name": "Yemen", "adm0_name1": null, "adm0_name2": null, "adm0_name3": null, "adm0_pcode": "YE", "valid_on": "2019-11-22", "valid_to": null, "version": "v01", "lang": "en", "lang1": "ar", "lang2": null, "lang3": null }, "geometry": { "type": "Point", "coordinates": [ 45.191602446000104, 15.045135 ] } },
{ "type": "Feature", "properties": { "admin_level": 2, "name": "Jabal Ras", "name1": "جبل راس", "name2": null, "name3": null, "x_coord": 43.63690597, "y_coord": 14.03026652, "adm4_name": null, "adm4_name1": null, "adm4_name2": null, "adm4_name3": null, "adm4_pcode": null, "adm3_name": null, "adm3_name1": null, "adm3_name2": null, "adm3_name3": null, "adm3_pcode": null, "adm2_name": "Jabal Ras", "adm2_name1": "جبل راس", "adm2_name2": null, "adm2_name3": null, "adm2_pcode": "YE1818", "adm1_name": "Al Hodeidah", "adm1_name1": "الحديده", "adm1_name2": null, "adm1_name3": null, "adm1_pcode": "YE18", "adm0_name": "Yemen", "adm0_name1": null, "adm0_name2": null, "adm0_name3": null, "adm0_pcode": "YE", "valid_on": "2019-11-22", "valid_to": null, "version": "v01", "lang": "en", "lang1": "ar", "lang2": null, "lang3": null }, "geometry": { "type": "Point", "coordinates": [ 43.636905971000147, 14.03026652300008 ] } },
{ "type": "Feature", "properties": { "admin_level": 2, "name": "Jahaf", "name1": "جحاف", "name2": null, "name3": null, "x_coord": 44.66395956, "y_coord": 13.73034, "adm4_name": null, "adm4_name1": null, "adm4_name2": null, "adm4_name3": null, "adm4_pcode": null, "adm3_name": null, "adm3_name1": null, "adm3_name2": null, "adm3_name3": null, "adm3_pcode": null, "adm2_name": "Jahaf", "adm2_name1": "جحاف", "adm2_name2": null, "adm2_name3": null, "adm2_pcode": "YE3007", "adm1_name": "Ad Dali'", "adm1_name1": "الضالع", "adm1_name2": null, "adm1_name3": null, "adm1_pcode": "YE30", "adm0_name": "Yemen", "adm0_name1": null, "adm0_name2": null, "adm0_name3": null, "adm0_pcode": "YE", "valid_on": "2019-11-22", "valid_to": null, "version": "v01", "lang": "en", "lang1": "ar", "lang2": null, "lang3": null }, "geometry": { "type": "Point", "coordinates": [ 44.663959562000059, 13.73034 ] } },
{ "type": "Feature", "properties": { "admin_level": 2, "name": "Jahran", "name1": "جهران", "name2": null, "name3": null, "x_coord": 44.30411476, "y_coord": 14.73308, "adm4_name": null, "adm4_name1": null, "adm4_name2": null, "adm4_name3": null, "adm4_pcode": null, "adm3_name": null, "adm3_name1": null, "adm3_name2": null, "adm3_name3": null, "adm3_pcode": null, "adm2_name": "Jahran", "adm2_name1": "جهران", "adm2_name2": null, "adm2_name3": null, "adm2_pcode": "YE2002", "adm1_name": "Dhamar", "adm1_name1": "ذمار", "adm1_name2": null, "adm1_name3": null, "adm1_pcode": "YE20", "adm0_name": "Yemen", "adm0_name1": null, "adm0_name2": null, "adm0_name3": null, "adm0_pcode": "YE", "valid_on": "2019-11-22", "valid_to": null, "version": "v01", "lang": "en", "lang1": "ar", "lang2": null, "lang3": null }, "geometry": { "type": "Point", "coordinates": [ 44.304114764000076, 14.73308 ] } },
{ "type": "Feature", "properties": { "admin_level": 2, "name": "Jardan", "name1": "جردان", "name2": null, "name3": null, "x_coord": 46.59133681, "y_coord": 15.183215, "adm4_name": null, "adm4_name1": null, "adm4_name2": null, "adm4_name3": null, "adm4_pcode": null, "adm3_name": null, "adm3_name1": null, "adm3_name2": null, "adm3_name3": null, "adm3_pcode": null, "adm2_name": "Jardan", "adm2_name1": "جردان", "adm2_name2": null, "adm2_name3": null, "adm2_pcode": "YE2103", "adm1_name": "Shabwah", "adm1_name1": "شبوه", "adm1_name2": null, "adm1_name3": null, "adm1_pcode": "YE21", "adm0_name": "Yemen", "adm0_name1": null, "adm0_name2": null, "adm0_name3": null, "adm0_pcode": "YE", "valid_on": "2019-11-22", "valid_to": null, "version": "v01", "lang": "en", "lang1": "ar", "lang2": null, "lang3": null }, "geometry": { "type": "Point", "coordinates": [ 46.591336814000044, 15.183215 ] } },
{ "type": "Feature", "properties": { "admin_level": 2, "name": "Jayshan", "name1": "جيشان", "name2": null, "name3": null, "x_coord": 46.18156556, "y_coord": 14.16918782, "adm4_name": null, "adm4_name1": null, "adm4_name2": null, "adm4_name3": null, "adm4_pcode": null, "adm3_name": null, "adm3_name1": null, "adm3_name2": null, "adm3_name3": null, "adm3_pcode": null, "adm2_name": "Jayshan", "adm2_name1": "جيشان", "adm2_name2": null, "adm2_name3": null, "adm2_pcode": "YE1203", "adm1_name": "Abyan", "adm1_name1": "ابين", "adm1_name2": null, "adm1_name3": null, "adm1_pcode": "YE12", "adm0_name": "Yemen", "adm0_name1": null, "adm0_name2": null, "adm0_name3": null, "adm0_pcode": "YE", "valid_on": "2019-11-22", "valid_to": null, "version": "v01", "lang": "en", "lang1": "ar", "lang2": null, "lang3": null }, "geometry": { "type": "Point", "coordinates": [ 46.181565565000142, 14.169187816000147 ] } },
{ "type": "Feature", "properties": { "admin_level": 2, "name": "Jiblah", "name1": "جبله", "name2": null, "name3": null, "x_coord": 44.11554035, "y_coord": 13.91173263, "adm4_name": null, "adm4_name1": null, "adm4_name2": null, "adm4_name3": null, "adm4_pcode": null, "adm3_name": null, "adm3_name1": null, "adm3_name2": null, "adm3_name3": null, "adm3_pcode": null, "adm2_name": "Jiblah", "adm2_name1": "جبله", "adm2_name2": null, "adm2_name3": null, "adm2_pcode": "YE1112", "adm1_name": "Ibb", "adm1_name1": "اب", "adm1_name2": null, "adm1_name3": null, "adm1_pcode": "YE11", "adm0_name": "Yemen", "adm0_name1": null, "adm0_name2": null, "adm0_name3": null, "adm0_pcode": "YE", "valid_on": "2019-11-22", "valid_to": null, "version": "v01", "lang": "en", "lang1": "ar", "lang2": null, "lang3": null }, "geometry": { "type": "Point", "coordinates": [ 44.115540355000064, 13.91173263200011 ] } },
{ "type": "Feature", "properties": { "admin_level": 2, "name": "Jihanah", "name1": "جحانه", "name2": null, "name3": null, "x_coord": 44.50938375, "y_coord": 15.193565, "adm4_name": null, "adm4_name1": null, "adm4_name2": null, "adm4_name3": null, "adm4_pcode": null, "adm3_name": null, "adm3_name1": null, "adm3_name2": null, "adm3_name3": null, "adm3_pcode": null, "adm2_name": "Jihanah", "adm2_name1": "جحانه", "adm2_name2": null, "adm2_name3": null, "adm2_pcode": "YE2316", "adm1_name": "Sana'a", "adm1_name1": "صنعاء", "adm1_name2": null, "adm1_name3": null, "adm1_pcode": "YE23", "adm0_name": "Yemen", "adm0_name1": null, "adm0_name2": null, "adm0_name3": null, "adm0_pcode": "YE", "valid_on": "2019-11-22", "valid_to": null, "version": "v01", "lang": "en", "lang1": "ar", "lang2": null, "lang3": null }, "geometry": { "type": "Point", "coordinates": [ 44.509383747000072, 15.193565 ] } },
{ "type": "Feature", "properties": { "admin_level": 2, "name": "Juban", "name1": "جبن", "name2": null, "name3": null, "x_coord": 44.96033994, "y_coord": 14.051705, "adm4_name": null, "adm4_name1": null, "adm4_name2": null, "adm4_name3": null, "adm4_pcode": null, "adm3_name": null, "adm3_name1": null, "adm3_name2": null, "adm3_name3": null, "adm3_pcode": null, "adm2_name": "Juban", "adm2_name1": "جبن", "adm2_name2": null, "adm2_name3": null, "adm2_pcode": "YE3001", "adm1_name": "Ad Dali'", "adm1_name1": "الضالع", "adm1_name2": null, "adm1_name3": null, "adm1_pcode": "YE30", "adm0_name": "Yemen", "adm0_name1": null, "adm0_name2": null, "adm0_name3": null, "adm0_pcode": "YE", "valid_on": "2019-11-22", "valid_to": null, "version": "v01", "lang": "en", "lang1": "ar", "lang2": null, "lang3": null }, "geometry": { "type": "Point", "coordinates": [ 44.960339937000185, 14.05170500000014 ] } },
{ "type": "Feature", "properties": { "admin_level": 2, "name": "Kamaran", "name1": "كمران", "name2": null, "name3": null, "x_coord": 42.59055006, "y_coord": 15.3601263, "adm4_name": null, "adm4_name1": null, "adm4_name2": null, "adm4_name3": null, "adm4_pcode": null, "adm3_name": null, "adm3_name1": null, "adm3_name2": null, "adm3_name3": null, "adm3_pcode": null, "adm2_name": "Kamaran", "adm2_name1": "كمران", "adm2_name2": null, "adm2_name3": null, "adm2_pcode": "YE1803", "adm1_name": "Al Hodeidah", "adm1_name1": "الحديده", "adm1_name2": null, "adm1_name3": null, "adm1_pcode": "YE18", "adm0_name": "Yemen", "adm0_name1": null, "adm0_name2": null, "adm0_name3": null, "adm0_pcode": "YE", "valid_on": "2019-11-22", "valid_to": null, "version": "v01", "lang": "en", "lang1": "ar", "lang2": null, "lang3": null }, "geometry": { "type": "Point", "coordinates": [ 42.590550062000091, 15.360126303000129 ] } },
{ "type": "Feature", "properties": { "admin_level": 2, "name": "Khab wa Ash Sha'f", "name1": "خب و الشعف", "name2": null, "name3": null, "x_coord": 45.84561886, "y_coord": 16.58712, "adm4_name": null, "adm4_name1": null, "adm4_name2": null, "adm4_name3": null, "adm4_pcode": null, "adm3_name": null, "adm3_name1": null, "adm3_name2": null, "adm3_name3": null, "adm3_pcode": null, "adm2_name": "Khab wa Ash Sha'f", "adm2_name1": "خب و الشعف", "adm2_name2": null, "adm2_name3": null, "adm2_pcode": "YE1601", "adm1_name": "Al Jawf", "adm1_name1": "الجوف", "adm1_name2": null, "adm1_name3": null, "adm1_pcode": "YE16", "adm0_name": "Yemen", "adm0_name1": null, "adm0_name2": null, "adm0_name3": null, "adm0_pcode": "YE", "valid_on": "2019-11-22", "valid_to": null, "version": "v01", "lang": "en", "lang1": "ar", "lang2": null, "lang3": null }, "geometry": { "type": "Point", "coordinates": [ 45.845618855000055, 16.587120000000141 ] } },
{ "type": "Feature", "properties": { "admin_level": 2, "name": "Khamir", "name1": "خمر", "name2": null, "name3": null, "x_coord": 43.93393694, "y_coord": 15.997065, "adm4_name": null, "adm4_name1": null, "adm4_name2": null, "adm4_name3": null, "adm4_pcode": null, "adm3_name": null, "adm3_name1": null, "adm3_name2": null, "adm3_name3": null, "adm3_pcode": null, "adm2_name": "Khamir", "adm2_name1": "خمر", "adm2_name2": null, "adm2_name3": null, "adm2_pcode": "YE2919", "adm1_name": "Amran", "adm1_name1": "عمران", "adm1_name2": null, "adm1_name3": null, "adm1_pcode": "YE29", "adm0_name": "Yemen", "adm0_name1": null, "adm0_name2": null, "adm0_name3": null, "adm0_pcode": "YE", "valid_on": "2019-11-22", "valid_to": null, "version": "v01", "lang": "en", "lang1": "ar", "lang2": null, "lang3": null }, "geometry": { "type": "Point", "coordinates": [ 43.933936937000169, 15.997065000000191 ] } },
{ "type": "Feature", "properties": { "admin_level": 2, "name": "Khanfar", "name1": "خنفر", "name2": null, "name3": null, "x_coord": 45.39424916, "y_coord": 13.33386509, "adm4_name": null, "adm4_name1": null, "adm4_name2": null, "adm4_name3": null, "adm4_pcode": null, "adm3_name": null, "adm3_name1": null, "adm3_name2": null, "adm3_name3": null, "adm3_pcode": null, "adm2_name": "Khanfar", "adm2_name1": "خنفر", "adm2_name2": null, "adm2_name3": null, "adm2_pcode": "YE1211", "adm1_name": "Abyan", "adm1_name1": "ابين", "adm1_name2": null, "adm1_name3": null, "adm1_pcode": "YE12", "adm0_name": "Yemen", "adm0_name1": null, "adm0_name2": null, "adm0_name3": null, "adm0_pcode": "YE", "valid_on": "2019-11-22", "valid_to": null, "version": "v01", "lang": "en", "lang1": "ar", "lang2": null, "lang3": null }, "geometry": { "type": "Point", "coordinates": [ 45.394249162000108, 13.333865091000177 ] } },
{ "type": "Feature", "properties": { "admin_level": 2, "name": "Kharab Al Marashi", "name1": "خراب المراشى", "name2": null, "name3": null, "x_coord": 44.27285987, "y_coord": 16.605525, "adm4_name": null, "adm4_name1": null, "adm4_name2": null, "adm4_name3": null, "adm4_pcode": null, "adm3_name": null, "adm3_name1": null, "adm3_name2": null, "adm3_name3": null, "adm3_pcode": null, "adm2_name": "Kharab Al Marashi", "adm2_name1": "خراب المراشى", "adm2_name2": null, "adm2_name3": null, "adm2_pcode": "YE1612", "adm1_name": "Al Jawf", "adm1_name1": "الجوف", "adm1_name2": null, "adm1_name3": null, "adm1_pcode": "YE16", "adm0_name": "Yemen", "adm0_name1": null, "adm0_name2": null, "adm0_name3": null, "adm0_pcode": "YE", "valid_on": "2019-11-22", "valid_to": null, "version": "v01", "lang": "en", "lang1": "ar", "lang2": null, "lang3": null }, "geometry": { "type": "Point", "coordinates": [ 44.272859872000026, 16.605525000000114 ] } },
{ "type": "Feature", "properties": { "admin_level": 2, "name": "Kharif", "name1": "خارف", "name2": null, "name3": null, "x_coord": 44.09739418, "y_coord": 15.85449314, "adm4_name": null, "adm4_name1": null, "adm4_name2": null, "adm4_name3": null, "adm4_pcode": null, "adm3_name": null, "adm3_name1": null, "adm3_name2": null, "adm3_name3": null, "adm3_pcode": null, "adm2_name": "Kharif", "adm2_name1": "خارف", "adm2_name2": null, "adm2_name3": null, "adm2_pcode": "YE2910", "adm1_name": "Amran", "adm1_name1": "عمران", "adm1_name2": null, "adm1_name3": null, "adm1_pcode": "YE29", "adm0_name": "Yemen", "adm0_name1": null, "adm0_name2": null, "adm0_name3": null, "adm0_pcode": "YE", "valid_on": "2019-11-22", "valid_to": null, "version": "v01", "lang": "en", "lang1": "ar", "lang2": null, "lang3": null }, "geometry": { "type": "Point", "coordinates": [ 44.097394185000041, 15.854493138000123 ] } },
{ "type": "Feature", "properties": { "admin_level": 2, "name": "Khawlan", "name1": "خولان", "name2": null, "name3": null, "x_coord": 44.68551305, "y_coord": 15.2733, "adm4_name": null, "adm4_name1": null, "adm4_name2": null, "adm4_name3": null, "adm4_pcode": null, "adm3_name": null, "adm3_name1": null, "adm3_name2": null, "adm3_name3": null, "adm3_pcode": null, "adm2_name": "Khawlan", "adm2_name1": "خولان", "adm2_name2": null, "adm2_name3": null, "adm2_pcode": "YE2312", "adm1_name": "Sana'a", "adm1_name1": "صنعاء", "adm1_name2": null, "adm1_name3": null, "adm1_pcode": "YE23", "adm0_name": "Yemen", "adm0_name1": null, "adm0_name2": null, "adm0_name3": null, "adm0_pcode": "YE", "valid_on": "2019-11-22", "valid_to": null, "version": "v01", "lang": "en", "lang1": "ar", "lang2": null, "lang3": null }, "geometry": { "type": "Point", "coordinates": [ 44.685513051000044, 15.27330000000012 ] } },
{ "type": "Feature", "properties": { "admin_level": 2, "name": "Khayran Al Muharraq", "name1": "خيران المحرق", "name2": null, "name3": null, "x_coord": 43.38020007, "y_coord": 16.074225, "adm4_name": null, "adm4_name1": null, "adm4_name2": null, "adm4_name3": null, "adm4_pcode": null, "adm3_name": null, "adm3_name1": null, "adm3_name2": null, "adm3_name3": null, "adm3_pcode": null, "adm2_name": "Khayran Al Muharraq", "adm2_name1": "خيران المحرق", "adm2_name2": null, "adm2_name3": null, "adm2_pcode": "YE1711", "adm1_name": "Hajjah", "adm1_name1": "حجه", "adm1_name2": null, "adm1_name3": null, "adm1_pcode": "YE17", "adm0_name": "Yemen", "adm0_name1": null, "adm0_name2": null, "adm0_name3": null, "adm0_pcode": "YE", "valid_on": "2019-11-22", "valid_to": null, "version": "v01", "lang": "en", "lang1": "ar", "lang2": null, "lang3": null }, "geometry": { "type": "Point", "coordinates": [ 43.380200068000192, 16.074225000000183 ] } },
{ "type": "Feature", "properties": { "admin_level": 2, "name": "Khur Maksar", "name1": "خور مكسر", "name2": null, "name3": null, "x_coord": 45.04836775, "y_coord": 12.86660495, "adm4_name": null, "adm4_name1": null, "adm4_name2": null, "adm4_name3": null, "adm4_pcode": null, "adm3_name": null, "adm3_name1": null, "adm3_name2": null, "adm3_name3": null, "adm3_pcode": null, "adm2_name": "Khur Maksar", "adm2_name1": "خور مكسر", "adm2_name2": null, "adm2_name3": null, "adm2_pcode": "YE2408", "adm1_name": "Aden", "adm1_name1": "عدن", "adm1_name2": null, "adm1_name3": null, "adm1_pcode": "YE24", "adm0_name": "Yemen", "adm0_name1": null, "adm0_name2": null, "adm0_name3": null, "adm0_pcode": "YE", "valid_on": "2019-11-22", "valid_to": null, "version": "v01", "lang": "en", "lang1": "ar", "lang2": null, "lang3": null }, "geometry": { "type": "Point", "coordinates": [ 45.048367748000089, 12.866604953000035 ] } },
{ "type": "Feature", "properties": { "admin_level": 2, "name": "Kitaf wa Al Boqa'", "name1": "كتاف والبقع", "name2": null, "name3": null, "x_coord": 44.21362158, "y_coord": 17.08810392, "adm4_name": null, "adm4_name1": null, "adm4_name2": null, "adm4_name3": null, "adm4_pcode": null, "adm3_name": null, "adm3_name1": null, "adm3_name2": null, "adm3_name3": null, "adm3_pcode": null, "adm2_name": "Kitaf wa Al Boqa'", "adm2_name1": "كتاف والبقع", "adm2_name2": null, "adm2_name3": null, "adm2_pcode": "YE2214", "adm1_name": "Sa'dah", "adm1_name1": "صعده", "adm1_name2": null, "adm1_name3": null, "adm1_pcode": "YE22", "adm0_name": "Yemen", "adm0_name1": null, "adm0_name2": null, "adm0_name3": null, "adm0_pcode": "YE", "valid_on": "2019-11-22", "valid_to": null, "version": "v01", "lang": "en", "lang1": "ar", "lang2": null, "lang3": null }, "geometry": { "type": "Point", "coordinates": [ 44.213621580000165, 17.088103920000094 ] } },
{ "type": "Feature", "properties": { "admin_level": 2, "name": "Kritar - Sirah", "name1": "صيره", "name2": null, "name3": null, "x_coord": 45.02673256, "y_coord": 12.77212688, "adm4_name": null, "adm4_name1": null, "adm4_name2": null, "adm4_name3": null, "adm4_pcode": null, "adm3_name": null, "adm3_name1": null, "adm3_name2": null, "adm3_name3": null, "adm3_pcode": null, "adm2_name": "Kritar - Sirah", "adm2_name1": "صيره", "adm2_name2": null, "adm2_name3": null, "adm2_pcode": "YE2407", "adm1_name": "Aden", "adm1_name1": "عدن", "adm1_name2": null, "adm1_name3": null, "adm1_pcode": "YE24", "adm0_name": "Yemen", "adm0_name1": null, "adm0_name2": null, "adm0_name3": null, "adm0_pcode": "YE", "valid_on": "2019-11-22", "valid_to": null, "version": "v01", "lang": "en", "lang1": "ar", "lang2": null, "lang3": null }, "geometry": { "type": "Point", "coordinates": [ 45.026732560000028, 12.77212688200018 ] } },
{ "type": "Feature", "properties": { "admin_level": 2, "name": "Ku'aydinah", "name1": "كعيدنه", "name2": null, "name3": null, "x_coord": 43.3257916, "y_coord": 15.81922, "adm4_name": null, "adm4_name1": null, "adm4_name2": null, "adm4_name3": null, "adm4_pcode": null, "adm3_name": null, "adm3_name1": null, "adm3_name2": null, "adm3_name3": null, "adm3_pcode": null, "adm2_name": "Ku'aydinah", "adm2_name1": "كعيدنه", "adm2_name2": null, "adm2_name3": null, "adm2_pcode": "YE1722", "adm1_name": "Hajjah", "adm1_name1": "حجه", "adm1_name2": null, "adm1_name3": null, "adm1_pcode": "YE17", "adm0_name": "Yemen", "adm0_name1": null, "adm0_name2": null, "adm0_name3": null, "adm0_pcode": "YE", "valid_on": "2019-11-22", "valid_to": null, "version": "v01", "lang": "en", "lang1": "ar", "lang2": null, "lang3": null }, "geometry": { "type": "Point", "coordinates": [ 43.325791598000023, 15.81922 ] } },
{ "type": "Feature", "properties": { "admin_level": 2, "name": "Kuhlan Afar", "name1": "كحلان عفار", "name2": null, "name3": null, "x_coord": 43.68515159, "y_coord": 15.758335, "adm4_name": null, "adm4_name1": null, "adm4_name2": null, "adm4_name3": null, "adm4_pcode": null, "adm3_name": null, "adm3_name1": null, "adm3_name2": null, "adm3_name3": null, "adm3_pcode": null, "adm2_name": "Kuhlan Afar", "adm2_name1": "كحلان عفار", "adm2_name2": null, "adm2_name3": null, "adm2_pcode": "YE1718", "adm1_name": "Hajjah", "adm1_name1": "حجه", "adm1_name2": null, "adm1_name3": null, "adm1_pcode": "YE17", "adm0_name": "Yemen", "adm0_name1": null, "adm0_name2": null, "adm0_name3": null, "adm0_pcode": "YE", "valid_on": "2019-11-22", "valid_to": null, "version": "v01", "lang": "en", "lang1": "ar", "lang2": null, "lang3": null }, "geometry": { "type": "Point", "coordinates": [ 43.685151588000053, 15.758335000000102 ] } },
{ "type": "Feature", "properties": { "admin_level": 2, "name": "Kuhlan Ash Sharaf", "name1": "كحلان الشرف", "name2": null, "name3": null, "x_coord": 43.46795176, "y_coord": 16.0255, "adm4_name": null, "adm4_name1": null, "adm4_name2": null, "adm4_name3": null, "adm4_pcode": null, "adm3_name": null, "adm3_name1": null, "adm3_name2": null, "adm3_name3": null, "adm3_pcode": null, "adm2_name": "Kuhlan Ash Sharaf", "adm2_name1": "كحلان الشرف", "adm2_name2": null, "adm2_name3": null, "adm2_pcode": "YE1709", "adm1_name": "Hajjah", "adm1_name1": "حجه", "adm1_name2": null, "adm1_name3": null, "adm1_pcode": "YE17", "adm0_name": "Yemen", "adm0_name1": null, "adm0_name2": null, "adm0_name3": null, "adm0_pcode": "YE", "valid_on": "2019-11-22", "valid_to": null, "version": "v01", "lang": "en", "lang1": "ar", "lang2": null, "lang3": null }, "geometry": { "type": "Point", "coordinates": [ 43.467951757000037, 16.0255 ] } },
{ "type": "Feature", "properties": { "admin_level": 2, "name": "Kushar", "name1": "كشر", "name2": null, "name3": null, "x_coord": 43.47125517, "y_coord": 16.172445, "adm4_name": null, "adm4_name1": null, "adm4_name2": null, "adm4_name3": null, "adm4_pcode": null, "adm3_name": null, "adm3_name1": null, "adm3_name2": null, "adm3_name3": null, "adm3_pcode": null, "adm2_name": "Kushar", "adm2_name1": "كشر", "adm2_name2": null, "adm2_name3": null, "adm2_pcode": "YE1707", "adm1_name": "Hajjah", "adm1_name1": "حجه", "adm1_name2": null, "adm1_name3": null, "adm1_pcode": "YE17", "adm0_name": "Yemen", "adm0_name1": null, "adm0_name2": null, "adm0_name3": null, "adm0_pcode": "YE", "valid_on": "2019-11-22", "valid_to": null, "version": "v01", "lang": "en", "lang1": "ar", "lang2": null, "lang3": null }, "geometry": { "type": "Point", "coordinates": [ 43.471255175000124, 16.172445 ] } },
{ "type": "Feature", "properties": { "admin_level": 2, "name": "Kusmah", "name1": "كسمه", "name2": null, "name3": null, "x_coord": 43.66624605, "y_coord": 14.54575, "adm4_name": null, "adm4_name1": null, "adm4_name2": null, "adm4_name3": null, "adm4_pcode": null, "adm3_name": null, "adm3_name1": null, "adm3_name2": null, "adm3_name3": null, "adm3_pcode": null, "adm2_name": "Kusmah", "adm2_name1": "كسمه", "adm2_name2": null, "adm2_name3": null, "adm2_pcode": "YE3105", "adm1_name": "Raymah", "adm1_name1": "ريمه", "adm1_name2": null, "adm1_name3": null, "adm1_pcode": "YE31", "adm0_name": "Yemen", "adm0_name1": null, "adm0_name2": null, "adm0_name3": null, "adm0_pcode": "YE", "valid_on": "2019-11-22", "valid_to": null, "version": "v01", "lang": "en", "lang1": "ar", "lang2": null, "lang3": null }, "geometry": { "type": "Point", "coordinates": [ 43.666246049000165, 14.545750001000158 ] } },
{ "type": "Feature", "properties": { "admin_level": 2, "name": "Lawdar", "name1": "لودر", "name2": null, "name3": null, "x_coord": 45.74584225, "y_coord": 13.81203, "adm4_name": null, "adm4_name1": null, "adm4_name2": null, "adm4_name3": null, "adm4_pcode": null, "adm3_name": null, "adm3_name1": null, "adm3_name2": null, "adm3_name3": null, "adm3_pcode": null, "adm2_name": "Lawdar", "adm2_name1": "لودر", "adm2_name2": null, "adm2_name3": null, "adm2_pcode": "YE1204", "adm1_name": "Abyan", "adm1_name1": "ابين", "adm1_name2": null, "adm1_name3": null, "adm1_pcode": "YE12", "adm0_name": "Yemen", "adm0_name1": null, "adm0_name2": null, "adm0_name3": null, "adm0_pcode": "YE", "valid_on": "2019-11-22", "valid_to": null, "version": "v01", "lang": "en", "lang1": "ar", "lang2": null, "lang3": null }, "geometry": { "type": "Point", "coordinates": [ 45.745842254000195, 13.81203 ] } },
{ "type": "Feature", "properties": { "admin_level": 2, "name": "Ma'in", "name1": "معين", "name2": null, "name3": null, "x_coord": 44.16206896, "y_coord": 15.37904, "adm4_name": null, "adm4_name1": null, "adm4_name2": null, "adm4_name3": null, "adm4_pcode": null, "adm3_name": null, "adm3_name1": null, "adm3_name2": null, "adm3_name3": null, "adm3_pcode": null, "adm2_name": "Ma'in", "adm2_name1": "معين", "adm2_name2": null, "adm2_name3": null, "adm2_pcode": "YE1308", "adm1_name": "Sana'a City", "adm1_name1": "امانة العاصمه", "adm1_name2": null, "adm1_name3": null, "adm1_pcode": "YE13", "adm0_name": "Yemen", "adm0_name1": null, "adm0_name2": null, "adm0_name3": null, "adm0_pcode": "YE", "valid_on": "2019-11-22", "valid_to": null, "version": "v01", "lang": "en", "lang1": "ar", "lang2": null, "lang3": null }, "geometry": { "type": "Point", "coordinates": [ 44.16206895800002, 15.37904 ] } },
{ "type": "Feature", "properties": { "admin_level": 2, "name": "Ma'rib", "name1": "مارب", "name2": null, "name3": null, "x_coord": 45.77097016, "y_coord": 15.637395, "adm4_name": null, "adm4_name1": null, "adm4_name2": null, "adm4_name3": null, "adm4_pcode": null, "adm3_name": null, "adm3_name1": null, "adm3_name2": null, "adm3_name3": null, "adm3_pcode": null, "adm2_name": "Ma'rib", "adm2_name1": "مارب", "adm2_name2": null, "adm2_name3": null, "adm2_pcode": "YE2613", "adm1_name": "Ma'rib", "adm1_name1": "مارب", "adm1_name2": null, "adm1_name3": null, "adm1_pcode": "YE26", "adm0_name": "Yemen", "adm0_name1": null, "adm0_name2": null, "adm0_name3": null, "adm0_pcode": "YE", "valid_on": "2019-11-22", "valid_to": null, "version": "v01", "lang": "en", "lang1": "ar", "lang2": null, "lang3": null }, "geometry": { "type": "Point", "coordinates": [ 45.770970159000171, 15.637395 ] } },
{ "type": "Feature", "properties": { "admin_level": 2, "name": "Ma'rib City", "name1": "مدينة مارب", "name2": null, "name3": null, "x_coord": 45.29802409, "y_coord": 15.42406, "adm4_name": null, "adm4_name1": null, "adm4_name2": null, "adm4_name3": null, "adm4_pcode": null, "adm3_name": null, "adm3_name1": null, "adm3_name2": null, "adm3_name3": null, "adm3_pcode": null, "adm2_name": "Ma'rib City", "adm2_name1": "مدينة مارب", "adm2_name2": null, "adm2_name3": null, "adm2_pcode": "YE2612", "adm1_name": "Ma'rib", "adm1_name1": "مارب", "adm1_name2": null, "adm1_name3": null, "adm1_pcode": "YE26", "adm0_name": "Yemen", "adm0_name1": null, "adm0_name2": null, "adm0_name3": null, "adm0_pcode": "YE", "valid_on": "2019-11-22", "valid_to": null, "version": "v01", "lang": "en", "lang1": "ar", "lang2": null, "lang3": null }, "geometry": { "type": "Point", "coordinates": [ 45.298024091000116, 15.424060000000111 ] } },
{ "type": "Feature", "properties": { "admin_level": 2, "name": "Mabyan", "name1": "مبين", "name2": null, "name3": null, "x_coord": 43.55105846, "y_coord": 15.75498566, "adm4_name": null, "adm4_name1": null, "adm4_name2": null, "adm4_name3": null, "adm4_pcode": null, "adm3_name": null, "adm3_name1": null, "adm3_name2": null, "adm3_name3": null, "adm3_pcode": null, "adm2_name": "Mabyan", "adm2_name1": "مبين", "adm2_name2": null, "adm2_name3": null, "adm2_pcode": "YE1720", "adm1_name": "Hajjah", "adm1_name1": "حجه", "adm1_name2": null, "adm1_name3": null, "adm1_pcode": "YE17", "adm0_name": "Yemen", "adm0_name1": null, "adm0_name2": null, "adm0_name3": null, "adm0_pcode": "YE", "valid_on": "2019-11-22", "valid_to": null, "version": "v01", "lang": "en", "lang1": "ar", "lang2": null, "lang3": null }, "geometry": { "type": "Point", "coordinates": [ 43.551058464000107, 15.754985660000102 ] } },
{ "type": "Feature", "properties": { "admin_level": 2, "name": "Madghal Al Jid'an", "name1": "مدغل الجدعان", "name2": null, "name3": null, "x_coord": 45.04382235, "y_coord": 15.628575, "adm4_name": null, "adm4_name1": null, "adm4_name2": null, "adm4_name3": null, "adm4_pcode": null, "adm3_name": null, "adm3_name1": null, "adm3_name2": null, "adm3_name3": null, "adm3_pcode": null, "adm2_name": "Madghal Al Jid'an", "adm2_name1": "مدغل الجدعان", "adm2_name2": null, "adm2_name3": null, "adm2_pcode": "YE2603", "adm1_name": "Ma'rib", "adm1_name1": "مارب", "adm1_name2": null, "adm1_name3": null, "adm1_pcode": "YE26", "adm0_name": "Yemen", "adm0_name1": null, "adm0_name2": null, "adm0_name3": null, "adm0_pcode": "YE", "valid_on": "2019-11-22", "valid_to": null, "version": "v01", "lang": "en", "lang1": "ar", "lang2": null, "lang3": null }, "geometry": { "type": "Point", "coordinates": [ 45.043822354000099, 15.628575 ] } },
{ "type": "Feature", "properties": { "admin_level": 2, "name": "Maghrib Ans", "name1": "مغرب عنس", "name2": null, "name3": null, "x_coord": 44.12385077, "y_coord": 14.4659562, "adm4_name": null, "adm4_name1": null, "adm4_name2": null, "adm4_name3": null, "adm4_pcode": null, "adm3_name": null, "adm3_name1": null, "adm3_name2": null, "adm3_name3": null, "adm3_pcode": null, "adm2_name": "Maghrib Ans", "adm2_name1": "مغرب عنس", "adm2_name2": null, "adm2_name3": null, "adm2_pcode": "YE2004", "adm1_name": "Dhamar", "adm1_name1": "ذمار", "adm1_name2": null, "adm1_name3": null, "adm1_pcode": "YE20", "adm0_name": "Yemen", "adm0_name1": null, "adm0_name2": null, "adm0_name3": null, "adm0_pcode": "YE", "valid_on": "2019-11-22", "valid_to": null, "version": "v01", "lang": "en", "lang1": "ar", "lang2": null, "lang3": null }, "geometry": { "type": "Point", "coordinates": [ 44.123850770000104, 14.465956195 ] } },
{ "type": "Feature", "properties": { "admin_level": 2, "name": "Mahliyah", "name1": "ماهليه", "name2": null, "name3": null, "x_coord": 45.17742475, "y_coord": 14.667135, "adm4_name": null, "adm4_name1": null, "adm4_name2": null, "adm4_name3": null, "adm4_pcode": null, "adm3_name": null, "adm3_name1": null, "adm3_name2": null, "adm3_name3": null, "adm3_pcode": null, "adm2_name": "Mahliyah", "adm2_name1": "ماهليه", "adm2_name2": null, "adm2_name3": null, "adm2_pcode": "YE2610", "adm1_name": "Ma'rib", "adm1_name1": "مارب", "adm1_name2": null, "adm1_name3": null, "adm1_pcode": "YE26", "adm0_name": "Yemen", "adm0_name1": null, "adm0_name2": null, "adm0_name3": null, "adm0_pcode": "YE", "valid_on": "2019-11-22", "valid_to": null, "version": "v01", "lang": "en", "lang1": "ar", "lang2": null, "lang3": null }, "geometry": { "type": "Point", "coordinates": [ 45.177424753000025, 14.667135 ] } },
{ "type": "Feature", "properties": { "admin_level": 2, "name": "Majz", "name1": "مجز", "name2": null, "name3": null, "x_coord": 43.51602995, "y_coord": 17.145945, "adm4_name": null, "adm4_name1": null, "adm4_name2": null, "adm4_name3": null, "adm4_pcode": null, "adm3_name": null, "adm3_name1": null, "adm3_name2": null, "adm3_name3": null, "adm3_pcode": null, "adm2_name": "Majz", "adm2_name1": "مجز", "adm2_name2": null, "adm2_name3": null, "adm2_pcode": "YE2210", "adm1_name": "Sa'dah", "adm1_name1": "صعده", "adm1_name2": null, "adm1_name3": null, "adm1_pcode": "YE22", "adm0_name": "Yemen", "adm0_name1": null, "adm0_name2": null, "adm0_name3": null, "adm0_pcode": "YE", "valid_on": "2019-11-22", "valid_to": null, "version": "v01", "lang": "en", "lang1": "ar", "lang2": null, "lang3": null }, "geometry": { "type": "Point", "coordinates": [ 43.516029946000117, 17.145945 ] } },
{ "type": "Feature", "properties": { "admin_level": 2, "name": "Majzar", "name1": "مجزر", "name2": null, "name3": null, "x_coord": 44.82554514, "y_coord": 15.79246, "adm4_name": null, "adm4_name1": null, "adm4_name2": null, "adm4_name3": null, "adm4_pcode": null, "adm3_name": null, "adm3_name1": null, "adm3_name2": null, "adm3_name3": null, "adm3_pcode": null, "adm2_name": "Majzar", "adm2_name1": "مجزر", "adm2_name2": null, "adm2_name3": null, "adm2_pcode": "YE2601", "adm1_name": "Ma'rib", "adm1_name1": "مارب", "adm1_name2": null, "adm1_name3": null, "adm1_pcode": "YE26", "adm0_name": "Yemen", "adm0_name1": null, "adm0_name2": null, "adm0_name3": null, "adm0_pcode": "YE", "valid_on": "2019-11-22", "valid_to": null, "version": "v01", "lang": "en", "lang1": "ar", "lang2": null, "lang3": null }, "geometry": { "type": "Point", "coordinates": [ 44.825545142000124, 15.792460000000119 ] } },
{ "type": "Feature", "properties": { "admin_level": 2, "name": "Man'ar", "name1": "منعر", "name2": null, "name3": null, "x_coord": 51.05734181, "y_coord": 16.45205, "adm4_name": null, "adm4_name1": null, "adm4_name2": null, "adm4_name3": null, "adm4_pcode": null, "adm3_name": null, "adm3_name1": null, "adm3_name2": null, "adm3_name3": null, "adm3_pcode": null, "adm2_name": "Man'ar", "adm2_name1": "منعر", "adm2_name2": null, "adm2_name3": null, "adm2_pcode": "YE2805", "adm1_name": "Al Maharah", "adm1_name1": "المهره", "adm1_name2": null, "adm1_name3": null, "adm1_pcode": "YE28", "adm0_name": "Yemen", "adm0_name1": null, "adm0_name2": null, "adm0_name3": null, "adm0_pcode": "YE", "valid_on": "2019-11-22", "valid_to": null, "version": "v01", "lang": "en", "lang1": "ar", "lang2": null, "lang3": null }, "geometry": { "type": "Point", "coordinates": [ 51.057341811000072, 16.45204999900011 ] } },
{ "type": "Feature", "properties": { "admin_level": 2, "name": "Manakhah", "name1": "مناخه", "name2": null, "name3": null, "x_coord": 43.73074401, "y_coord": 15.07091, "adm4_name": null, "adm4_name1": null, "adm4_name2": null, "adm4_name3": null, "adm4_pcode": null, "adm3_name": null, "adm3_name1": null, "adm3_name2": null, "adm3_name3": null, "adm3_pcode": null, "adm2_name": "Manakhah", "adm2_name1": "مناخه", "adm2_name2": null, "adm2_name3": null, "adm2_pcode": "YE2310", "adm1_name": "Sana'a", "adm1_name1": "صنعاء", "adm1_name2": null, "adm1_name3": null, "adm1_pcode": "YE23", "adm0_name": "Yemen", "adm0_name1": null, "adm0_name2": null, "adm0_name3": null, "adm0_pcode": "YE", "valid_on": "2019-11-22", "valid_to": null, "version": "v01", "lang": "en", "lang1": "ar", "lang2": null, "lang3": null }, "geometry": { "type": "Point", "coordinates": [ 43.730744010000137, 15.07091 ] } },
{ "type": "Feature", "properties": { "admin_level": 2, "name": "Maqbanah", "name1": "مقبنه", "name2": null, "name3": null, "x_coord": 43.68585521, "y_coord": 13.621895, "adm4_name": null, "adm4_name1": null, "adm4_name2": null, "adm4_name3": null, "adm4_pcode": null, "adm3_name": null, "adm3_name1": null, "adm3_name2": null, "adm3_name3": null, "adm3_pcode": null, "adm2_name": "Maqbanah", "adm2_name1": "مقبنه", "adm2_name2": null, "adm2_name3": null, "adm2_pcode": "YE1504", "adm1_name": "Ta'iz", "adm1_name1": "تعز", "adm1_name2": null, "adm1_name3": null, "adm1_pcode": "YE15", "adm0_name": "Yemen", "adm0_name1": null, "adm0_name2": null, "adm0_name3": null, "adm0_pcode": "YE", "valid_on": "2019-11-22", "valid_to": null, "version": "v01", "lang": "en", "lang1": "ar", "lang2": null, "lang3": null }, "geometry": { "type": "Point", "coordinates": [ 43.685855209000124, 13.621895000000166 ] } },
{ "type": "Feature", "properties": { "admin_level": 2, "name": "Markhah Al Olya", "name1": "مرخة العليا", "name2": null, "name3": null, "x_coord": 45.92047677, "y_coord": 14.503495, "adm4_name": null, "adm4_name1": null, "adm4_name2": null, "adm4_name3": null, "adm4_pcode": null, "adm3_name": null, "adm3_name1": null, "adm3_name2": null, "adm3_name3": null, "adm3_pcode": null, "adm2_name": "Markhah Al Olya", "adm2_name1": "مرخة العليا", "adm2_name2": null, "adm2_name3": null, "adm2_pcode": "YE2108", "adm1_name": "Shabwah", "adm1_name1": "شبوه", "adm1_name2": null, "adm1_name3": null, "adm1_pcode": "YE21", "adm0_name": "Yemen", "adm0_name1": null, "adm0_name2": null, "adm0_name3": null, "adm0_pcode": "YE", "valid_on": "2019-11-22", "valid_to": null, "version": "v01", "lang": "en", "lang1": "ar", "lang2": null, "lang3": null }, "geometry": { "type": "Point", "coordinates": [ 45.920476770999983, 14.5034950000001 ] } },
{ "type": "Feature", "properties": { "admin_level": 2, "name": "Markhah As Sufla", "name1": "مرخة السفلى", "name2": null, "name3": null, "x_coord": 46.16233305, "y_coord": 14.69945301, "adm4_name": null, "adm4_name1": null, "adm4_name2": null, "adm4_name3": null, "adm4_pcode": null, "adm3_name": null, "adm3_name1": null, "adm3_name2": null, "adm3_name3": null, "adm3_pcode": null, "adm2_name": "Markhah As Sufla", "adm2_name1": "مرخة السفلى", "adm2_name2": null, "adm2_name3": null, "adm2_pcode": "YE2109", "adm1_name": "Shabwah", "adm1_name1": "شبوه", "adm1_name2": null, "adm1_name3": null, "adm1_pcode": "YE21", "adm0_name": "Yemen", "adm0_name1": null, "adm0_name2": null, "adm0_name3": null, "adm0_pcode": "YE", "valid_on": "2019-11-22", "valid_to": null, "version": "v01", "lang": "en", "lang1": "ar", "lang2": null, "lang3": null }, "geometry": { "type": "Point", "coordinates": [ 46.162333047000118, 14.699453009000138 ] } },
{ "type": "Feature", "properties": { "admin_level": 2, "name": "Mashr'ah Wa Hadnan", "name1": "مشرعة وحدنان", "name2": null, "name3": null, "x_coord": 43.99710223, "y_coord": 13.54079, "adm4_name": null, "adm4_name1": null, "adm4_name2": null, "adm4_name3": null, "adm4_pcode": null, "adm3_name": null, "adm3_name1": null, "adm3_name2": null, "adm3_name3": null, "adm3_pcode": null, "adm2_name": "Mashr'ah Wa Hadnan", "adm2_name1": "مشرعة وحدنان", "adm2_name2": null, "adm2_name3": null, "adm2_pcode": "YE1509", "adm1_name": "Ta'iz", "adm1_name1": "تعز", "adm1_name2": null, "adm1_name3": null, "adm1_pcode": "YE15", "adm0_name": "Yemen", "adm0_name1": null, "adm0_name2": null, "adm0_name3": null, "adm0_pcode": "YE", "valid_on": "2019-11-22", "valid_to": null, "version": "v01", "lang": "en", "lang1": "ar", "lang2": null, "lang3": null }, "geometry": { "type": "Point", "coordinates": [ 43.997102226000152, 13.54079 ] } },
{ "type": "Feature", "properties": { "admin_level": 2, "name": "Maswar", "name1": "مسور", "name2": null, "name3": null, "x_coord": 43.69481596, "y_coord": 15.59716, "adm4_name": null, "adm4_name1": null, "adm4_name2": null, "adm4_name3": null, "adm4_pcode": null, "adm3_name": null, "adm3_name1": null, "adm3_name2": null, "adm3_name3": null, "adm3_pcode": null, "adm2_name": "Maswar", "adm2_name1": "مسور", "adm2_name2": null, "adm2_name3": null, "adm2_pcode": "YE2916", "adm1_name": "Amran", "adm1_name1": "عمران", "adm1_name2": null, "adm1_name3": null, "adm1_pcode": "YE29", "adm0_name": "Yemen", "adm0_name1": null, "adm0_name2": null, "adm0_name3": null, "adm0_pcode": "YE", "valid_on": "2019-11-22", "valid_to": null, "version": "v01", "lang": "en", "lang1": "ar", "lang2": null, "lang3": null }, "geometry": { "type": "Point", "coordinates": [ 43.694815965000089, 15.59716 ] } },
{ "type": "Feature", "properties": { "admin_level": 2, "name": "Maswarah", "name1": "مسوره", "name2": null, "name3": null, "x_coord": 45.67780019, "y_coord": 14.408695, "adm4_name": null, "adm4_name1": null, "adm4_name2": null, "adm4_name3": null, "adm4_pcode": null, "adm3_name": null, "adm3_name1": null, "adm3_name2": null, "adm3_name3": null, "adm3_pcode": null, "adm2_name": "Maswarah", "adm2_name1": "مسوره", "adm2_name2": null, "adm2_name3": null, "adm2_pcode": "YE1403", "adm1_name": "Al Bayda", "adm1_name1": "البيضاء", "adm1_name2": null, "adm1_name3": null, "adm1_pcode": "YE14", "adm0_name": "Yemen", "adm0_name1": null, "adm0_name2": null, "adm0_name3": null, "adm0_pcode": "YE", "valid_on": "2019-11-22", "valid_to": null, "version": "v01", "lang": "en", "lang1": "ar", "lang2": null, "lang3": null }, "geometry": { "type": "Point", "coordinates": [ 45.677800195000088, 14.408695 ] } },
{ "type": "Feature", "properties": { "admin_level": 2, "name": "Mawiyah", "name1": "ماويه", "name2": null, "name3": null, "x_coord": 44.3482715, "y_coord": 13.61319059, "adm4_name": null, "adm4_name1": null, "adm4_name2": null, "adm4_name3": null, "adm4_pcode": null, "adm3_name": null, "adm3_name1": null, "adm3_name2": null, "adm3_name3": null, "adm3_pcode": null, "adm2_name": "Mawiyah", "adm2_name1": "ماويه", "adm2_name2": null, "adm2_name3": null, "adm2_pcode": "YE1501", "adm1_name": "Ta'iz", "adm1_name1": "تعز", "adm1_name2": null, "adm1_name3": null, "adm1_pcode": "YE15", "adm0_name": "Yemen", "adm0_name1": null, "adm0_name2": null, "adm0_name3": null, "adm0_pcode": "YE", "valid_on": "2019-11-22", "valid_to": null, "version": "v01", "lang": "en", "lang1": "ar", "lang2": null, "lang3": null }, "geometry": { "type": "Point", "coordinates": [ 44.348271497000098, 13.613190594000116 ] } },
{ "type": "Feature", "properties": { "admin_level": 2, "name": "Mawza'", "name1": "موزع", "name2": null, "name3": null, "x_coord": 43.66953628, "y_coord": 13.36768, "adm4_name": null, "adm4_name1": null, "adm4_name2": null, "adm4_name3": null, "adm4_pcode": null, "adm3_name": null, "adm3_name1": null, "adm3_name2": null, "adm3_name3": null, "adm3_pcode": null, "adm2_name": "Mawza'", "adm2_name1": "موزع", "adm2_name2": null, "adm2_name3": null, "adm2_pcode": "YE1507", "adm1_name": "Ta'iz", "adm1_name1": "تعز", "adm1_name2": null, "adm1_name3": null, "adm1_pcode": "YE15", "adm0_name": "Yemen", "adm0_name1": null, "adm0_name2": null, "adm0_name3": null, "adm0_pcode": "YE", "valid_on": "2019-11-22", "valid_to": null, "version": "v01", "lang": "en", "lang1": "ar", "lang2": null, "lang3": null }, "geometry": { "type": "Point", "coordinates": [ 43.669536282000195, 13.367680000000178 ] } },
{ "type": "Feature", "properties": { "admin_level": 2, "name": "Mayfa'ah", "name1": "ميفعه", "name2": null, "name3": null, "x_coord": 47.71506656, "y_coord": 14.41156761, "adm4_name": null, "adm4_name1": null, "adm4_name2": null, "adm4_name3": null, "adm4_pcode": null, "adm3_name": null, "adm3_name1": null, "adm3_name2": null, "adm3_name3": null, "adm3_pcode": null, "adm2_name": "Mayfa'ah", "adm2_name1": "ميفعه", "adm2_name2": null, "adm2_name3": null, "adm2_pcode": "YE2116", "adm1_name": "Shabwah", "adm1_name1": "شبوه", "adm1_name2": null, "adm1_name3": null, "adm1_pcode": "YE21", "adm0_name": "Yemen", "adm0_name1": null, "adm0_name2": null, "adm0_name3": null, "adm0_pcode": "YE", "valid_on": "2019-11-22", "valid_to": null, "version": "v01", "lang": "en", "lang1": "ar", "lang2": null, "lang3": null }, "geometry": { "type": "Point", "coordinates": [ 47.71506655800016, 14.411567607999984 ] } },
{ "type": "Feature", "properties": { "admin_level": 2, "name": "Mayfa'at Ans", "name1": "ميفعة عنس", "name2": null, "name3": null, "x_coord": 44.61008561, "y_coord": 14.51501, "adm4_name": null, "adm4_name1": null, "adm4_name2": null, "adm4_name3": null, "adm4_pcode": null, "adm3_name": null, "adm3_name1": null, "adm3_name2": null, "adm3_name3": null, "adm3_pcode": null, "adm2_name": "Mayfa'at Ans", "adm2_name1": "ميفعة عنس", "adm2_name2": null, "adm2_name3": null, "adm2_pcode": "YE2009", "adm1_name": "Dhamar", "adm1_name1": "ذمار", "adm1_name2": null, "adm1_name3": null, "adm1_pcode": "YE20", "adm0_name": "Yemen", "adm0_name1": null, "adm0_name2": null, "adm0_name3": null, "adm0_pcode": "YE", "valid_on": "2019-11-22", "valid_to": null, "version": "v01", "lang": "en", "lang1": "ar", "lang2": null, "lang3": null }, "geometry": { "type": "Point", "coordinates": [ 44.610085608000077, 14.51501 ] } },
{ "type": "Feature", "properties": { "admin_level": 2, "name": "Mazhar", "name1": "مزهر", "name2": null, "name3": null, "x_coord": 43.7461344, "y_coord": 14.56808419, "adm4_name": null, "adm4_name1": null, "adm4_name2": null, "adm4_name3": null, "adm4_pcode": null, "adm3_name": null, "adm3_name1": null, "adm3_name2": null, "adm3_name3": null, "adm3_pcode": null, "adm2_name": "Mazhar", "adm2_name1": "مزهر", "adm2_name2": null, "adm2_name3": null, "adm2_pcode": "YE3104", "adm1_name": "Raymah", "adm1_name1": "ريمه", "adm1_name2": null, "adm1_name3": null, "adm1_pcode": "YE31", "adm0_name": "Yemen", "adm0_name1": null, "adm0_name2": null, "adm0_name3": null, "adm0_pcode": "YE", "valid_on": "2019-11-22", "valid_to": null, "version": "v01", "lang": "en", "lang1": "ar", "lang2": null, "lang3": null }, "geometry": { "type": "Point", "coordinates": [ 43.746134403000156, 14.568084184999975 ] } },
{ "type": "Feature", "properties": { "admin_level": 2, "name": "Melhan", "name1": "ملحان", "name2": null, "name3": null, "x_coord": 43.32432558, "y_coord": 15.323465, "adm4_name": null, "adm4_name1": null, "adm4_name2": null, "adm4_name3": null, "adm4_pcode": null, "adm3_name": null, "adm3_name1": null, "adm3_name2": null, "adm3_name3": null, "adm3_pcode": null, "adm2_name": "Melhan", "adm2_name1": "ملحان", "adm2_name2": null, "adm2_name3": null, "adm2_pcode": "YE2705", "adm1_name": "Al Mahwit", "adm1_name1": "المحويت", "adm1_name2": null, "adm1_name3": null, "adm1_pcode": "YE27", "adm0_name": "Yemen", "adm0_name1": null, "adm0_name2": null, "adm0_name3": null, "adm0_pcode": "YE", "valid_on": "2019-11-22", "valid_to": null, "version": "v01", "lang": "en", "lang1": "ar", "lang2": null, "lang3": null }, "geometry": { "type": "Point", "coordinates": [ 43.324325579000174, 15.323464999000066 ] } },
{ "type": "Feature", "properties": { "admin_level": 2, "name": "Midi", "name1": "ميدي", "name2": null, "name3": null, "x_coord": 42.89517288, "y_coord": 16.17758396, "adm4_name": null, "adm4_name1": null, "adm4_name2": null, "adm4_name3": null, "adm4_pcode": null, "adm3_name": null, "adm3_name1": null, "adm3_name2": null, "adm3_name3": null, "adm3_pcode": null, "adm2_name": "Midi", "adm2_name1": "ميدي", "adm2_name2": null, "adm2_name3": null, "adm2_pcode": "YE1703", "adm1_name": "Hajjah", "adm1_name1": "حجه", "adm1_name2": null, "adm1_name3": null, "adm1_pcode": "YE17", "adm0_name": "Yemen", "adm0_name1": null, "adm0_name2": null, "adm0_name3": null, "adm0_pcode": "YE", "valid_on": "2019-11-22", "valid_to": null, "version": "v01", "lang": "en", "lang1": "ar", "lang2": null, "lang3": null }, "geometry": { "type": "Point", "coordinates": [ 42.895172878000096, 16.177583958000071 ] } },
{ "type": "Feature", "properties": { "admin_level": 2, "name": "Monabbih", "name1": "منبه", "name2": null, "name3": null, "x_coord": 43.24211703, "y_coord": 17.168945, "adm4_name": null, "adm4_name1": null, "adm4_name2": null, "adm4_name3": null, "adm4_pcode": null, "adm3_name": null, "adm3_name1": null, "adm3_name2": null, "adm3_name3": null, "adm3_pcode": null, "adm2_name": "Monabbih", "adm2_name1": "منبه", "adm2_name2": null, "adm2_name3": null, "adm2_pcode": "YE2203", "adm1_name": "Sa'dah", "adm1_name1": "صعده", "adm1_name2": null, "adm1_name3": null, "adm1_pcode": "YE22", "adm0_name": "Yemen", "adm0_name1": null, "adm0_name2": null, "adm0_name3": null, "adm0_pcode": "YE", "valid_on": "2019-11-22", "valid_to": null, "version": "v01", "lang": "en", "lang1": "ar", "lang2": null, "lang3": null }, "geometry": { "type": "Point", "coordinates": [ 43.242117027000063, 17.168945 ] } },
{ "type": "Feature", "properties": { "admin_level": 2, "name": "Mudhaykhirah", "name1": "مذيخره", "name2": null, "name3": null, "x_coord": 43.97438996, "y_coord": 13.85896436, "adm4_name": null, "adm4_name1": null, "adm4_name2": null, "adm4_name3": null, "adm4_pcode": null, "adm3_name": null, "adm3_name1": null, "adm3_name2": null, "adm3_name3": null, "adm3_pcode": null, "adm2_name": "Mudhaykhirah", "adm2_name1": "مذيخره", "adm2_name2": null, "adm2_name3": null, "adm2_pcode": "YE1117", "adm1_name": "Ibb", "adm1_name1": "اب", "adm1_name2": null, "adm1_name3": null, "adm1_pcode": "YE11", "adm0_name": "Yemen", "adm0_name1": null, "adm0_name2": null, "adm0_name3": null, "adm0_pcode": "YE", "valid_on": "2019-11-22", "valid_to": null, "version": "v01", "lang": "en", "lang1": "ar", "lang2": null, "lang3": null }, "geometry": { "type": "Point", "coordinates": [ 43.974389963000078, 13.858964357000048 ] } },
{ "type": "Feature", "properties": { "admin_level": 2, "name": "Mudiyah", "name1": "موديه", "name2": null, "name3": null, "x_coord": 46.20177562, "y_coord": 13.949435, "adm4_name": null, "adm4_name1": null, "adm4_name2": null, "adm4_name3": null, "adm4_pcode": null, "adm3_name": null, "adm3_name1": null, "adm3_name2": null, "adm3_name3": null, "adm3_pcode": null, "adm2_name": "Mudiyah", "adm2_name1": "موديه", "adm2_name2": null, "adm2_name3": null, "adm2_pcode": "YE1202", "adm1_name": "Abyan", "adm1_name1": "ابين", "adm1_name2": null, "adm1_name3": null, "adm1_pcode": "YE12", "adm0_name": "Yemen", "adm0_name1": null, "adm0_name2": null, "adm0_name3": null, "adm0_pcode": "YE", "valid_on": "2019-11-22", "valid_to": null, "version": "v01", "lang": "en", "lang1": "ar", "lang2": null, "lang3": null }, "geometry": { "type": "Point", "coordinates": [ 46.201775616000134, 13.94943500100004 ] } },
{ "type": "Feature", "properties": { "admin_level": 2, "name": "Mukayras", "name1": "مكيراس", "name2": null, "name3": null, "x_coord": 45.86773604, "y_coord": 14.025925, "adm4_name": null, "adm4_name1": null, "adm4_name2": null, "adm4_name3": null, "adm4_pcode": null, "adm3_name": null, "adm3_name1": null, "adm3_name2": null, "adm3_name3": null, "adm3_pcode": null, "adm2_name": "Mukayras", "adm2_name1": "مكيراس", "adm2_name2": null, "adm2_name3": null, "adm2_pcode": "YE1408", "adm1_name": "Al Bayda", "adm1_name1": "البيضاء", "adm1_name2": null, "adm1_name3": null, "adm1_pcode": "YE14", "adm0_name": "Yemen", "adm0_name1": null, "adm0_name2": null, "adm0_name3": null, "adm0_pcode": "YE", "valid_on": "2019-11-22", "valid_to": null, "version": "v01", "lang": "en", "lang1": "ar", "lang2": null, "lang3": null }, "geometry": { "type": "Point", "coordinates": [ 45.867736037000043, 14.025925000000143 ] } },
{ "type": "Feature", "properties": { "admin_level": 2, "name": "Mustaba", "name1": "مستباء", "name2": null, "name3": null, "x_coord": 43.25322426, "y_coord": 16.27436, "adm4_name": null, "adm4_name1": null, "adm4_name2": null, "adm4_name3": null, "adm4_pcode": null, "adm3_name": null, "adm3_name1": null, "adm3_name2": null, "adm3_name3": null, "adm3_pcode": null, "adm2_name": "Mustaba", "adm2_name1": "مستباء", "adm2_name2": null, "adm2_name3": null, "adm2_pcode": "YE1706", "adm1_name": "Hajjah", "adm1_name1": "حجه", "adm1_name2": null, "adm1_name3": null, "adm1_pcode": "YE17", "adm0_name": "Yemen", "adm0_name1": null, "adm0_name2": null, "adm0_name3": null, "adm0_pcode": "YE", "valid_on": "2019-11-22", "valid_to": null, "version": "v01", "lang": "en", "lang1": "ar", "lang2": null, "lang3": null }, "geometry": { "type": "Point", "coordinates": [ 43.253224263000163, 16.27436 ] } },
{ "type": "Feature", "properties": { "admin_level": 2, "name": "Najrah", "name1": "نجره", "name2": null, "name3": null, "x_coord": 43.54691246, "y_coord": 15.64701475, "adm4_name": null, "adm4_name1": null, "adm4_name2": null, "adm4_name3": null, "adm4_pcode": null, "adm3_name": null, "adm3_name1": null, "adm3_name2": null, "adm3_name3": null, "adm3_pcode": null, "adm2_name": "Najrah", "adm2_name1": "نجره", "adm2_name2": null, "adm2_name3": null, "adm2_pcode": "YE1726", "adm1_name": "Hajjah", "adm1_name1": "حجه", "adm1_name2": null, "adm1_name3": null, "adm1_pcode": "YE17", "adm0_name": "Yemen", "adm0_name1": null, "adm0_name2": null, "adm0_name3": null, "adm0_pcode": "YE", "valid_on": "2019-11-22", "valid_to": null, "version": "v01", "lang": "en", "lang1": "ar", "lang2": null, "lang3": null }, "geometry": { "type": "Point", "coordinates": [ 43.54691246200008, 15.647014746000025 ] } },
{ "type": "Feature", "properties": { "admin_level": 2, "name": "Nati'", "name1": "ناطع", "name2": null, "name3": null, "x_coord": 45.58797297, "y_coord": 14.537115, "adm4_name": null, "adm4_name1": null, "adm4_name2": null, "adm4_name3": null, "adm4_pcode": null, "adm3_name": null, "adm3_name1": null, "adm3_name2": null, "adm3_name3": null, "adm3_pcode": null, "adm2_name": "Nati'", "adm2_name1": "ناطع", "adm2_name2": null, "adm2_name3": null, "adm2_pcode": "YE1402", "adm1_name": "Al Bayda", "adm1_name1": "البيضاء", "adm1_name2": null, "adm1_name3": null, "adm1_pcode": "YE14", "adm0_name": "Yemen", "adm0_name1": null, "adm0_name2": null, "adm0_name3": null, "adm0_pcode": "YE", "valid_on": "2019-11-22", "valid_to": null, "version": "v01", "lang": "en", "lang1": "ar", "lang2": null, "lang3": null }, "geometry": { "type": "Point", "coordinates": [ 45.587972972000102, 14.537115 ] } },
{ "type": "Feature", "properties": { "admin_level": 2, "name": "Nihm", "name1": "نهم", "name2": null, "name3": null, "x_coord": 44.54772837, "y_coord": 15.73901389, "adm4_name": null, "adm4_name1": null, "adm4_name2": null, "adm4_name3": null, "adm4_pcode": null, "adm3_name": null, "adm3_name1": null, "adm3_name2": null, "adm3_name3": null, "adm3_pcode": null, "adm2_name": "Nihm", "adm2_name1": "نهم", "adm2_name2": null, "adm2_name3": null, "adm2_pcode": "YE2303", "adm1_name": "Sana'a", "adm1_name1": "صنعاء", "adm1_name2": null, "adm1_name3": null, "adm1_pcode": "YE23", "adm0_name": "Yemen", "adm0_name1": null, "adm0_name2": null, "adm0_name3": null, "adm0_pcode": "YE", "valid_on": "2019-11-22", "valid_to": null, "version": "v01", "lang": "en", "lang1": "ar", "lang2": null, "lang3": null }, "geometry": { "type": "Point", "coordinates": [ 44.547728370000073, 15.739013893000106 ] } },
{ "type": "Feature", "properties": { "admin_level": 2, "name": "Nisab", "name1": "نصاب", "name2": null, "name3": null, "x_coord": 46.44200083, "y_coord": 14.532775, "adm4_name": null, "adm4_name1": null, "adm4_name2": null, "adm4_name3": null, "adm4_pcode": null, "adm3_name": null, "adm3_name1": null, "adm3_name2": null, "adm3_name3": null, "adm3_pcode": null, "adm2_name": "Nisab", "adm2_name1": "نصاب", "adm2_name2": null, "adm2_name3": null, "adm2_pcode": "YE2110", "adm1_name": "Shabwah", "adm1_name1": "شبوه", "adm1_name2": null, "adm1_name3": null, "adm1_pcode": "YE21", "adm0_name": "Yemen", "adm0_name1": null, "adm0_name2": null, "adm0_name3": null, "adm0_pcode": "YE", "valid_on": "2019-11-22", "valid_to": null, "version": "v01", "lang": "en", "lang1": "ar", "lang2": null, "lang3": null }, "geometry": { "type": "Point", "coordinates": [ 46.442000827000186, 14.532775000000129 ] } },
{ "type": "Feature", "properties": { "admin_level": 2, "name": "Nu'man", "name1": "نعمان", "name2": null, "name3": null, "x_coord": 45.54095754, "y_coord": 14.621535, "adm4_name": null, "adm4_name1": null, "adm4_name2": null, "adm4_name3": null, "adm4_pcode": null, "adm3_name": null, "adm3_name1": null, "adm3_name2": null, "adm3_name3": null, "adm3_pcode": null, "adm2_name": "Nu'man", "adm2_name1": "نعمان", "adm2_name2": null, "adm2_name3": null, "adm2_pcode": "YE1401", "adm1_name": "Al Bayda", "adm1_name1": "البيضاء", "adm1_name2": null, "adm1_name3": null, "adm1_pcode": "YE14", "adm0_name": "Yemen", "adm0_name1": null, "adm0_name2": null, "adm0_name3": null, "adm0_pcode": "YE", "valid_on": "2019-11-22", "valid_to": null, "version": "v01", "lang": "en", "lang1": "ar", "lang2": null, "lang3": null }, "geometry": { "type": "Point", "coordinates": [ 45.540957536000064, 14.621535 ] } },
{ "type": "Feature", "properties": { "admin_level": 2, "name": "Old City", "name1": "صنعاء القديمه", "name2": null, "name3": null, "x_coord": 44.21484244, "y_coord": 15.35493, "adm4_name": null, "adm4_name1": null, "adm4_name2": null, "adm4_name3": null, "adm4_pcode": null, "adm3_name": null, "adm3_name1": null, "adm3_name2": null, "adm3_name3": null, "adm3_pcode": null, "adm2_name": "Old City", "adm2_name1": "صنعاء القديمه", "adm2_name2": null, "adm2_name3": null, "adm2_pcode": "YE1301", "adm1_name": "Sana'a City", "adm1_name1": "امانة العاصمه", "adm1_name2": null, "adm1_name3": null, "adm1_pcode": "YE13", "adm0_name": "Yemen", "adm0_name1": null, "adm0_name2": null, "adm0_name3": null, "adm0_pcode": "YE", "valid_on": "2019-11-22", "valid_to": null, "version": "v01", "lang": "en", "lang1": "ar", "lang2": null, "lang3": null }, "geometry": { "type": "Point", "coordinates": [ 44.214842440999973, 15.35493 ] } },
{ "type": "Feature", "properties": { "admin_level": 2, "name": "Osaylan", "name1": "عسيلان", "name2": null, "name3": null, "x_coord": 45.99420425, "y_coord": 15.11893, "adm4_name": null, "adm4_name1": null, "adm4_name2": null, "adm4_name3": null, "adm4_pcode": null, "adm3_name": null, "adm3_name1": null, "adm3_name2": null, "adm3_name3": null, "adm3_pcode": null, "adm2_name": "Osaylan", "adm2_name1": "عسيلان", "adm2_name2": null, "adm2_name3": null, "adm2_pcode": "YE2105", "adm1_name": "Shabwah", "adm1_name1": "شبوه", "adm1_name2": null, "adm1_name3": null, "adm1_pcode": "YE21", "adm0_name": "Yemen", "adm0_name1": null, "adm0_name2": null, "adm0_name3": null, "adm0_pcode": "YE", "valid_on": "2019-11-22", "valid_to": null, "version": "v01", "lang": "en", "lang1": "ar", "lang2": null, "lang3": null }, "geometry": { "type": "Point", "coordinates": [ 45.994204250000166, 15.11893 ] } },
{ "type": "Feature", "properties": { "admin_level": 2, "name": "Otmah", "name1": "عتمه", "name2": null, "name3": null, "x_coord": 43.94510433, "y_coord": 14.474865, "adm4_name": null, "adm4_name1": null, "adm4_name2": null, "adm4_name3": null, "adm4_pcode": null, "adm3_name": null, "adm3_name1": null, "adm3_name2": null, "adm3_name3": null, "adm3_pcode": null, "adm2_name": "Otmah", "adm2_name1": "عتمه", "adm2_name2": null, "adm2_name3": null, "adm2_pcode": "YE2005", "adm1_name": "Dhamar", "adm1_name1": "ذمار", "adm1_name2": null, "adm1_name3": null, "adm1_pcode": "YE20", "adm0_name": "Yemen", "adm0_name1": null, "adm0_name2": null, "adm0_name3": null, "adm0_pcode": "YE", "valid_on": "2019-11-22", "valid_to": null, "version": "v01", "lang": "en", "lang1": "ar", "lang2": null, "lang3": null }, "geometry": { "type": "Point", "coordinates": [ 43.945104331000095, 14.474865 ] } },
{ "type": "Feature", "properties": { "admin_level": 2, "name": "Qa'tabah", "name1": "قعطبه", "name2": null, "name3": null, "x_coord": 44.63619794, "y_coord": 13.92901, "adm4_name": null, "adm4_name1": null, "adm4_name2": null, "adm4_name3": null, "adm4_pcode": null, "adm3_name": null, "adm3_name1": null, "adm3_name2": null, "adm3_name3": null, "adm3_pcode": null, "adm2_name": "Qa'tabah", "adm2_name1": "قعطبه", "adm2_name2": null, "adm2_name3": null, "adm2_pcode": "YE3003", "adm1_name": "Ad Dali'", "adm1_name1": "الضالع", "adm1_name2": null, "adm1_name3": null, "adm1_pcode": "YE30", "adm0_name": "Yemen", "adm0_name1": null, "adm0_name2": null, "adm0_name3": null, "adm0_pcode": "YE", "valid_on": "2019-11-22", "valid_to": null, "version": "v01", "lang": "en", "lang1": "ar", "lang2": null, "lang3": null }, "geometry": { "type": "Point", "coordinates": [ 44.636197941000148, 13.929010000000176 ] } },
{ "type": "Feature", "properties": { "admin_level": 2, "name": "Qafl Shammar", "name1": "قفل شمر", "name2": null, "name3": null, "x_coord": 43.35908088, "y_coord": 15.907195, "adm4_name": null, "adm4_name1": null, "adm4_name2": null, "adm4_name3": null, "adm4_pcode": null, "adm3_name": null, "adm3_name1": null, "adm3_name2": null, "adm3_name3": null, "adm3_pcode": null, "adm2_name": "Qafl Shammar", "adm2_name1": "قفل شمر", "adm2_name2": null, "adm2_name3": null, "adm2_pcode": "YE1713", "adm1_name": "Hajjah", "adm1_name1": "حجه", "adm1_name2": null, "adm1_name3": null, "adm1_pcode": "YE17", "adm0_name": "Yemen", "adm0_name1": null, "adm0_name2": null, "adm0_name3": null, "adm0_pcode": "YE", "valid_on": "2019-11-22", "valid_to": null, "version": "v01", "lang": "en", "lang1": "ar", "lang2": null, "lang3": null }, "geometry": { "type": "Point", "coordinates": [ 43.359080875000075, 15.907195000000115 ] } },
{ "type": "Feature", "properties": { "admin_level": 2, "name": "Qaflat Odhar", "name1": "قفلة عذر", "name2": null, "name3": null, "x_coord": 43.71478754, "y_coord": 16.28935896, "adm4_name": null, "adm4_name1": null, "adm4_name2": null, "adm4_name3": null, "adm4_pcode": null, "adm3_name": null, "adm3_name1": null, "adm3_name2": null, "adm3_name3": null, "adm3_pcode": null, "adm2_name": "Qaflat Odhar", "adm2_name1": "قفلة عذر", "adm2_name2": null, "adm2_name3": null, "adm2_pcode": "YE2904", "adm1_name": "Amran", "adm1_name1": "عمران", "adm1_name2": null, "adm1_name3": null, "adm1_pcode": "YE29", "adm0_name": "Yemen", "adm0_name1": null, "adm0_name2": null, "adm0_name3": null, "adm0_pcode": "YE", "valid_on": "2019-11-22", "valid_to": null, "version": "v01", "lang": "en", "lang1": "ar", "lang2": null, "lang3": null }, "geometry": { "type": "Point", "coordinates": [ 43.714787541000192, 16.289358955000012 ] } },
{ "type": "Feature", "properties": { "admin_level": 2, "name": "Qalansiyah wa Abd Al Kuri", "name1": "قلنسية وعبد الكوري", "name2": null, "name3": null, "x_coord": 53.54572877, "y_coord": 12.53409999, "adm4_name": null, "adm4_name1": null, "adm4_name2": null, "adm4_name3": null, "adm4_pcode": null, "adm3_name": null, "adm3_name1": null, "adm3_name2": null, "adm3_name3": null, "adm3_pcode": null, "adm2_name": "Qalansiyah wa Abd Al Kuri", "adm2_name1": "قلنسية وعبد الكوري", "adm2_name2": null, "adm2_name3": null, "adm2_pcode": "YE3202", "adm1_name": "Socotra", "adm1_name1": "سقطرى", "adm1_name2": null, "adm1_name3": null, "adm1_pcode": "YE32", "adm0_name": "Yemen", "adm0_name1": null, "adm0_name2": null, "adm0_name3": null, "adm0_pcode": "YE", "valid_on": "2019-11-22", "valid_to": null, "version": "v01", "lang": "en", "lang1": "ar", "lang2": null, "lang3": null }, "geometry": { "type": "Point", "coordinates": [ 53.545728767000071, 12.53409999400003 ] } },
{ "type": "Feature", "properties": { "admin_level": 2, "name": "Qarah", "name1": "قاره", "name2": null, "name3": null, "x_coord": 43.47598821, "y_coord": 16.35297, "adm4_name": null, "adm4_name1": null, "adm4_name2": null, "adm4_name3": null, "adm4_pcode": null, "adm3_name": null, "adm3_name1": null, "adm3_name2": null, "adm3_name3": null, "adm3_pcode": null, "adm2_name": "Qarah", "adm2_name1": "قاره", "adm2_name2": null, "adm2_name3": null, "adm2_pcode": "YE1731", "adm1_name": "Hajjah", "adm1_name1": "حجه", "adm1_name2": null, "adm1_name3": null, "adm1_pcode": "YE17", "adm0_name": "Yemen", "adm0_name1": null, "adm0_name2": null, "adm0_name3": null, "adm0_pcode": "YE", "valid_on": "2019-11-22", "valid_to": null, "version": "v01", "lang": "en", "lang1": "ar", "lang2": null, "lang3": null }, "geometry": { "type": "Point", "coordinates": [ 43.475988209000036, 16.352970000000141 ] } },
{ "type": "Feature", "properties": { "admin_level": 2, "name": "Qatabir", "name1": "قطابر", "name2": null, "name3": null, "x_coord": 43.3541799, "y_coord": 17.32955056, "adm4_name": null, "adm4_name1": null, "adm4_name2": null, "adm4_name3": null, "adm4_pcode": null, "adm3_name": null, "adm3_name1": null, "adm3_name2": null, "adm3_name3": null, "adm3_pcode": null, "adm2_name": "Qatabir", "adm2_name1": "قطابر", "adm2_name2": null, "adm2_name3": null, "adm2_pcode": "YE2202", "adm1_name": "Sa'dah", "adm1_name1": "صعده", "adm1_name2": null, "adm1_name3": null, "adm1_pcode": "YE22", "adm0_name": "Yemen", "adm0_name1": null, "adm0_name2": null, "adm0_name3": null, "adm0_pcode": "YE", "valid_on": "2019-11-22", "valid_to": null, "version": "v01", "lang": "en", "lang1": "ar", "lang2": null, "lang3": null }, "geometry": { "type": "Point", "coordinates": [ 43.354179901000123, 17.329550555000139 ] } },
{ "type": "Feature", "properties": { "admin_level": 2, "name": "Qishn", "name1": "قشن", "name2": null, "name3": null, "x_coord": 51.52487534, "y_coord": 15.673495, "adm4_name": null, "adm4_name1": null, "adm4_name2": null, "adm4_name3": null, "adm4_pcode": null, "adm3_name": null, "adm3_name1": null, "adm3_name2": null, "adm3_name3": null, "adm3_pcode": null, "adm2_name": "Qishn", "adm2_name1": "قشن", "adm2_name2": null, "adm2_name3": null, "adm2_pcode": "YE2808", "adm1_name": "Al Maharah", "adm1_name1": "المهره", "adm1_name2": null, "adm1_name3": null, "adm1_pcode": "YE28", "adm0_name": "Yemen", "adm0_name1": null, "adm0_name2": null, "adm0_name3": null, "adm0_pcode": "YE", "valid_on": "2019-11-22", "valid_to": null, "version": "v01", "lang": "en", "lang1": "ar", "lang2": null, "lang3": null }, "geometry": { "type": "Point", "coordinates": [ 51.524875338000129, 15.673494999000127 ] } },
{ "type": "Feature", "properties": { "admin_level": 2, "name": "Rada'", "name1": "رداع", "name2": null, "name3": null, "x_coord": 44.90463554, "y_coord": 14.33030838, "adm4_name": null, "adm4_name1": null, "adm4_name2": null, "adm4_name3": null, "adm4_pcode": null, "adm3_name": null, "adm3_name1": null, "adm3_name2": null, "adm3_name3": null, "adm3_pcode": null, "adm2_name": "Rada'", "adm2_name1": "رداع", "adm2_name2": null, "adm2_name3": null, "adm2_pcode": "YE1413", "adm1_name": "Al Bayda", "adm1_name1": "البيضاء", "adm1_name2": null, "adm1_name3": null, "adm1_pcode": "YE14", "adm0_name": "Yemen", "adm0_name1": null, "adm0_name2": null, "adm0_name3": null, "adm0_pcode": "YE", "valid_on": "2019-11-22", "valid_to": null, "version": "v01", "lang": "en", "lang1": "ar", "lang2": null, "lang3": null }, "geometry": { "type": "Point", "coordinates": [ 44.904635542000165, 14.330308382999988 ] } },
{ "type": "Feature", "properties": { "admin_level": 2, "name": "Radfan", "name1": "ردفان", "name2": null, "name3": null, "x_coord": 45.00451142, "y_coord": 13.489255, "adm4_name": null, "adm4_name1": null, "adm4_name2": null, "adm4_name3": null, "adm4_pcode": null, "adm3_name": null, "adm3_name1": null, "adm3_name2": null, "adm3_name3": null, "adm3_pcode": null, "adm2_name": "Radfan", "adm2_name1": "ردفان", "adm2_name2": null, "adm2_name3": null, "adm2_pcode": "YE2507", "adm1_name": "Lahj", "adm1_name1": "لحج", "adm1_name2": null, "adm1_name3": null, "adm1_pcode": "YE25", "adm0_name": "Yemen", "adm0_name1": null, "adm0_name2": null, "adm0_name3": null, "adm0_pcode": "YE", "valid_on": "2019-11-22", "valid_to": null, "version": "v01", "lang": "en", "lang1": "ar", "lang2": null, "lang3": null }, "geometry": { "type": "Point", "coordinates": [ 45.004511416000184, 13.48925500100006 ] } },
{ "type": "Feature", "properties": { "admin_level": 2, "name": "Radman", "name1": "ردمان", "name2": null, "name3": null, "x_coord": 45.26033511, "y_coord": 14.47271281, "adm4_name": null, "adm4_name1": null, "adm4_name2": null, "adm4_name3": null, "adm4_pcode": null, "adm3_name": null, "adm3_name1": null, "adm3_name2": null, "adm3_name3": null, "adm3_pcode": null, "adm2_name": "Radman", "adm2_name1": "ردمان", "adm2_name2": null, "adm2_name3": null, "adm2_pcode": "YE1412", "adm1_name": "Al Bayda", "adm1_name1": "البيضاء", "adm1_name2": null, "adm1_name3": null, "adm1_pcode": "YE14", "adm0_name": "Yemen", "adm0_name1": null, "adm0_name2": null, "adm0_name3": null, "adm0_pcode": "YE", "valid_on": "2019-11-22", "valid_to": null, "version": "v01", "lang": "en", "lang1": "ar", "lang2": null, "lang3": null }, "geometry": { "type": "Point", "coordinates": [ 45.260335109000152, 14.472712811 ] } },
{ "type": "Feature", "properties": { "admin_level": 2, "name": "Radum", "name1": "رضوم", "name2": null, "name3": null, "x_coord": 47.52738625, "y_coord": 13.97844114, "adm4_name": null, "adm4_name1": null, "adm4_name2": null, "adm4_name3": null, "adm4_pcode": null, "adm3_name": null, "adm3_name1": null, "adm3_name2": null, "adm3_name3": null, "adm3_pcode": null, "adm2_name": "Radum", "adm2_name1": "رضوم", "adm2_name2": null, "adm2_name3": null, "adm2_pcode": "YE2117", "adm1_name": "Shabwah", "adm1_name1": "شبوه", "adm1_name2": null, "adm1_name3": null, "adm1_pcode": "YE21", "adm0_name": "Yemen", "adm0_name1": null, "adm0_name2": null, "adm0_name3": null, "adm0_pcode": "YE", "valid_on": "2019-11-22", "valid_to": null, "version": "v01", "lang": "en", "lang1": "ar", "lang2": null, "lang3": null }, "geometry": { "type": "Point", "coordinates": [ 47.527386251000053, 13.978441143000168 ] } },
{ "type": "Feature", "properties": { "admin_level": 2, "name": "Raghwan", "name1": "رغوان", "name2": null, "name3": null, "x_coord": 45.06657446, "y_coord": 15.774255, "adm4_name": null, "adm4_name1": null, "adm4_name2": null, "adm4_name3": null, "adm4_pcode": null, "adm3_name": null, "adm3_name1": null, "adm3_name2": null, "adm3_name3": null, "adm3_pcode": null, "adm2_name": "Raghwan", "adm2_name1": "رغوان", "adm2_name2": null, "adm2_name3": null, "adm2_pcode": "YE2602", "adm1_name": "Ma'rib", "adm1_name1": "مارب", "adm1_name2": null, "adm1_name3": null, "adm1_pcode": "YE26", "adm0_name": "Yemen", "adm0_name1": null, "adm0_name2": null, "adm0_name3": null, "adm0_pcode": "YE", "valid_on": "2019-11-22", "valid_to": null, "version": "v01", "lang": "en", "lang1": "ar", "lang2": null, "lang3": null }, "geometry": { "type": "Point", "coordinates": [ 45.066574460000027, 15.774255 ] } },
{ "type": "Feature", "properties": { "admin_level": 2, "name": "Rahabah", "name1": "رحبه", "name2": null, "name3": null, "x_coord": 45.10219456, "y_coord": 14.95718, "adm4_name": null, "adm4_name1": null, "adm4_name2": null, "adm4_name3": null, "adm4_pcode": null, "adm3_name": null, "adm3_name1": null, "adm3_name2": null, "adm3_name3": null, "adm3_pcode": null, "adm2_name": "Rahabah", "adm2_name1": "رحبه", "adm2_name2": null, "adm2_name3": null, "adm2_pcode": "YE2608", "adm1_name": "Ma'rib", "adm1_name1": "مارب", "adm1_name2": null, "adm1_name3": null, "adm1_pcode": "YE26", "adm0_name": "Yemen", "adm0_name1": null, "adm0_name2": null, "adm0_name3": null, "adm0_pcode": "YE", "valid_on": "2019-11-22", "valid_to": null, "version": "v01", "lang": "en", "lang1": "ar", "lang2": null, "lang3": null }, "geometry": { "type": "Point", "coordinates": [ 45.102194559000168, 14.95718 ] } },
{ "type": "Feature", "properties": { "admin_level": 2, "name": "Rajuzah", "name1": "رجوزه", "name2": null, "name3": null, "x_coord": 44.51288293, "y_coord": 16.61954714, "adm4_name": null, "adm4_name1": null, "adm4_name2": null, "adm4_name3": null, "adm4_pcode": null, "adm3_name": null, "adm3_name1": null, "adm3_name2": null, "adm3_name3": null, "adm3_pcode": null, "adm2_name": "Rajuzah", "adm2_name1": "رجوزه", "adm2_name2": null, "adm2_name3": null, "adm2_pcode": "YE1611", "adm1_name": "Al Jawf", "adm1_name1": "الجوف", "adm1_name2": null, "adm1_name3": null, "adm1_pcode": "YE16", "adm0_name": "Yemen", "adm0_name1": null, "adm0_name2": null, "adm0_name3": null, "adm0_pcode": "YE", "valid_on": "2019-11-22", "valid_to": null, "version": "v01", "lang": "en", "lang1": "ar", "lang2": null, "lang3": null }, "geometry": { "type": "Point", "coordinates": [ 44.51288293000016, 16.619547141000055 ] } },
{ "type": "Feature", "properties": { "admin_level": 2, "name": "Rakhyah", "name1": "رخيه", "name2": null, "name3": null, "x_coord": 47.80474381, "y_coord": 15.474595, "adm4_name": null, "adm4_name1": null, "adm4_name2": null, "adm4_name3": null, "adm4_pcode": null, "adm3_name": null, "adm3_name1": null, "adm3_name2": null, "adm3_name3": null, "adm3_pcode": null, "adm2_name": "Rakhyah", "adm2_name1": "رخيه", "adm2_name2": null, "adm2_name3": null, "adm2_pcode": "YE1920", "adm1_name": "Hadramawt", "adm1_name1": "حضرموت", "adm1_name2": null, "adm1_name3": null, "adm1_pcode": "YE19", "adm0_name": "Yemen", "adm0_name1": null, "adm0_name2": null, "adm0_name3": null, "adm0_pcode": "YE", "valid_on": "2019-11-22", "valid_to": null, "version": "v01", "lang": "en", "lang1": "ar", "lang2": null, "lang3": null }, "geometry": { "type": "Point", "coordinates": [ 47.804743813000186, 15.474595 ] } },
{ "type": "Feature", "properties": { "admin_level": 2, "name": "Rassd", "name1": "رصد", "name2": null, "name3": null, "x_coord": 45.31865122, "y_coord": 13.72516291, "adm4_name": null, "adm4_name1": null, "adm4_name2": null, "adm4_name3": null, "adm4_pcode": null, "adm3_name": null, "adm3_name1": null, "adm3_name2": null, "adm3_name3": null, "adm3_pcode": null, "adm2_name": "Rassd", "adm2_name1": "رصد", "adm2_name2": null, "adm2_name3": null, "adm2_pcode": "YE1206", "adm1_name": "Abyan", "adm1_name1": "ابين", "adm1_name2": null, "adm1_name3": null, "adm1_pcode": "YE12", "adm0_name": "Yemen", "adm0_name1": null, "adm0_name2": null, "adm0_name3": null, "adm0_pcode": "YE", "valid_on": "2019-11-22", "valid_to": null, "version": "v01", "lang": "en", "lang1": "ar", "lang2": null, "lang3": null }, "geometry": { "type": "Point", "coordinates": [ 45.318651222000028, 13.725162909000062 ] } },
{ "type": "Feature", "properties": { "admin_level": 2, "name": "Raydah", "name1": "ريده", "name2": null, "name3": null, "x_coord": 44.03176573, "y_coord": 15.7704, "adm4_name": null, "adm4_name1": null, "adm4_name2": null, "adm4_name3": null, "adm4_pcode": null, "adm3_name": null, "adm3_name1": null, "adm3_name2": null, "adm3_name3": null, "adm3_pcode": null, "adm2_name": "Raydah", "adm2_name1": "ريده", "adm2_name2": null, "adm2_name3": null, "adm2_pcode": "YE2911", "adm1_name": "Amran", "adm1_name1": "عمران", "adm1_name2": null, "adm1_name3": null, "adm1_pcode": "YE29", "adm0_name": "Yemen", "adm0_name1": null, "adm0_name2": null, "adm0_name3": null, "adm0_pcode": "YE", "valid_on": "2019-11-22", "valid_to": null, "version": "v01", "lang": "en", "lang1": "ar", "lang2": null, "lang3": null }, "geometry": { "type": "Point", "coordinates": [ 44.03176573200011, 15.7704 ] } },
{ "type": "Feature", "properties": { "admin_level": 2, "name": "Razih", "name1": "رازح", "name2": null, "name3": null, "x_coord": 43.26077651, "y_coord": 16.92453, "adm4_name": null, "adm4_name1": null, "adm4_name2": null, "adm4_name3": null, "adm4_pcode": null, "adm3_name": null, "adm3_name1": null, "adm3_name2": null, "adm3_name3": null, "adm3_pcode": null, "adm2_name": "Razih", "adm2_name1": "رازح", "adm2_name2": null, "adm2_name3": null, "adm2_pcode": "YE2205", "adm1_name": "Sa'dah", "adm1_name1": "صعده", "adm1_name2": null, "adm1_name3": null, "adm1_pcode": "YE22", "adm0_name": "Yemen", "adm0_name1": null, "adm0_name2": null, "adm0_name3": null, "adm0_pcode": "YE", "valid_on": "2019-11-22", "valid_to": null, "version": "v01", "lang": "en", "lang1": "ar", "lang2": null, "lang3": null }, "geometry": { "type": "Point", "coordinates": [ 43.260776505000081, 16.924530000000175 ] } },
{ "type": "Feature", "properties": { "admin_level": 2, "name": "Rumah", "name1": "رماه", "name2": null, "name3": null, "x_coord": 50.87814631, "y_coord": 17.82638, "adm4_name": null, "adm4_name1": null, "adm4_name2": null, "adm4_name3": null, "adm4_pcode": null, "adm3_name": null, "adm3_name1": null, "adm3_name2": null, "adm3_name3": null, "adm3_pcode": null, "adm2_name": "Rumah", "adm2_name1": "رماه", "adm2_name2": null, "adm2_name3": null, "adm2_pcode": "YE1901", "adm1_name": "Hadramawt", "adm1_name1": "حضرموت", "adm1_name2": null, "adm1_name3": null, "adm1_pcode": "YE19", "adm0_name": "Yemen", "adm0_name1": null, "adm0_name2": null, "adm0_name3": null, "adm0_pcode": "YE", "valid_on": "2019-11-22", "valid_to": null, "version": "v01", "lang": "en", "lang1": "ar", "lang2": null, "lang3": null }, "geometry": { "type": "Point", "coordinates": [ 50.878146313000059, 17.826379999000039 ] } },
{ "type": "Feature", "properties": { "admin_level": 2, "name": "Sa'dah", "name1": "صعده", "name2": null, "name3": null, "x_coord": 43.75713537, "y_coord": 16.928785, "adm4_name": null, "adm4_name1": null, "adm4_name2": null, "adm4_name3": null, "adm4_pcode": null, "adm3_name": null, "adm3_name1": null, "adm3_name2": null, "adm3_name3": null, "adm3_pcode": null, "adm2_name": "Sa'dah", "adm2_name1": "صعده", "adm2_name2": null, "adm2_name3": null, "adm2_pcode": "YE2215", "adm1_name": "Sa'dah", "adm1_name1": "صعده", "adm1_name2": null, "adm1_name3": null, "adm1_pcode": "YE22", "adm0_name": "Yemen", "adm0_name1": null, "adm0_name2": null, "adm0_name3": null, "adm0_pcode": "YE", "valid_on": "2019-11-22", "valid_to": null, "version": "v01", "lang": "en", "lang1": "ar", "lang2": null, "lang3": null }, "geometry": { "type": "Point", "coordinates": [ 43.757135374000086, 16.928785000000175 ] } },
{ "type": "Feature", "properties": { "admin_level": 2, "name": "Sa'fan", "name1": "صعفان", "name2": null, "name3": null, "x_coord": 43.59230769, "y_coord": 15.071855, "adm4_name": null, "adm4_name1": null, "adm4_name2": null, "adm4_name3": null, "adm4_pcode": null, "adm3_name": null, "adm3_name1": null, "adm3_name2": null, "adm3_name3": null, "adm3_pcode": null, "adm2_name": "Sa'fan", "adm2_name1": "صعفان", "adm2_name2": null, "adm2_name3": null, "adm2_pcode": "YE2311", "adm1_name": "Sana'a", "adm1_name1": "صنعاء", "adm1_name2": null, "adm1_name3": null, "adm1_pcode": "YE23", "adm0_name": "Yemen", "adm0_name1": null, "adm0_name2": null, "adm0_name3": null, "adm0_pcode": "YE", "valid_on": "2019-11-22", "valid_to": null, "version": "v01", "lang": "en", "lang1": "ar", "lang2": null, "lang3": null }, "geometry": { "type": "Point", "coordinates": [ 43.592307693000066, 15.071855 ] } },
{ "type": "Feature", "properties": { "admin_level": 2, "name": "Sabah", "name1": "صباح", "name2": null, "name3": null, "x_coord": 44.67727066, "y_coord": 14.270775, "adm4_name": null, "adm4_name1": null, "adm4_name2": null, "adm4_name3": null, "adm4_pcode": null, "adm3_name": null, "adm3_name1": null, "adm3_name2": null, "adm3_name3": null, "adm3_pcode": null, "adm2_name": "Sabah", "adm2_name1": "صباح", "adm2_name2": null, "adm2_name3": null, "adm2_pcode": "YE1417", "adm1_name": "Al Bayda", "adm1_name1": "البيضاء", "adm1_name2": null, "adm1_name3": null, "adm1_pcode": "YE14", "adm0_name": "Yemen", "adm0_name1": null, "adm0_name2": null, "adm0_name3": null, "adm0_pcode": "YE", "valid_on": "2019-11-22", "valid_to": null, "version": "v01", "lang": "en", "lang1": "ar", "lang2": null, "lang3": null }, "geometry": { "type": "Point", "coordinates": [ 44.677270662000069, 14.270775000000128 ] } },
{ "type": "Feature", "properties": { "admin_level": 2, "name": "Sabir Al Mawadim", "name1": "صبر الموادم", "name2": null, "name3": null, "x_coord": 44.04647822, "y_coord": 13.53032926, "adm4_name": null, "adm4_name1": null, "adm4_name2": null, "adm4_name3": null, "adm4_pcode": null, "adm3_name": null, "adm3_name1": null, "adm3_name2": null, "adm3_name3": null, "adm3_pcode": null, "adm2_name": "Sabir Al Mawadim", "adm2_name1": "صبر الموادم", "adm2_name2": null, "adm2_name3": null, "adm2_pcode": "YE1510", "adm1_name": "Ta'iz", "adm1_name1": "تعز", "adm1_name2": null, "adm1_name3": null, "adm1_pcode": "YE15", "adm0_name": "Yemen", "adm0_name1": null, "adm0_name2": null, "adm0_name3": null, "adm0_pcode": "YE", "valid_on": "2019-11-22", "valid_to": null, "version": "v01", "lang": "en", "lang1": "ar", "lang2": null, "lang3": null }, "geometry": { "type": "Point", "coordinates": [ 44.046478216000082, 13.530329258000165 ] } },
{ "type": "Feature", "properties": { "admin_level": 2, "name": "Sah", "name1": "ساه", "name2": null, "name3": null, "x_coord": 48.9111615, "y_coord": 15.50796, "adm4_name": null, "adm4_name1": null, "adm4_name2": null, "adm4_name3": null, "adm4_pcode": null, "adm3_name": null, "adm3_name1": null, "adm3_name2": null, "adm3_name3": null, "adm3_pcode": null, "adm2_name": "Sah", "adm2_name1": "ساه", "adm2_name2": null, "adm2_name3": null, "adm2_pcode": "YE1909", "adm1_name": "Hadramawt", "adm1_name1": "حضرموت", "adm1_name2": null, "adm1_name3": null, "adm1_pcode": "YE19", "adm0_name": "Yemen", "adm0_name1": null, "adm0_name2": null, "adm0_name3": null, "adm0_pcode": "YE", "valid_on": "2019-11-22", "valid_to": null, "version": "v01", "lang": "en", "lang1": "ar", "lang2": null, "lang3": null }, "geometry": { "type": "Point", "coordinates": [ 48.911161502000027, 15.50796 ] } },
{ "type": "Feature", "properties": { "admin_level": 2, "name": "Sahar", "name1": "سحار", "name2": null, "name3": null, "x_coord": 43.62385852, "y_coord": 16.931395, "adm4_name": null, "adm4_name1": null, "adm4_name2": null, "adm4_name3": null, "adm4_pcode": null, "adm3_name": null, "adm3_name1": null, "adm3_name2": null, "adm3_name3": null, "adm3_pcode": null, "adm2_name": "Sahar", "adm2_name1": "سحار", "adm2_name2": null, "adm2_name3": null, "adm2_pcode": "YE2211", "adm1_name": "Sa'dah", "adm1_name1": "صعده", "adm1_name2": null, "adm1_name3": null, "adm1_pcode": "YE22", "adm0_name": "Yemen", "adm0_name1": null, "adm0_name2": null, "adm0_name3": null, "adm0_pcode": "YE", "valid_on": "2019-11-22", "valid_to": null, "version": "v01", "lang": "en", "lang1": "ar", "lang2": null, "lang3": null }, "geometry": { "type": "Point", "coordinates": [ 43.623858524000184, 16.931395000000123 ] } },
{ "type": "Feature", "properties": { "admin_level": 2, "name": "Salah", "name1": "صاله", "name2": null, "name3": null, "x_coord": 44.03532173, "y_coord": 13.580775, "adm4_name": null, "adm4_name1": null, "adm4_name2": null, "adm4_name3": null, "adm4_pcode": null, "adm3_name": null, "adm3_name1": null, "adm3_name2": null, "adm3_name3": null, "adm3_pcode": null, "adm2_name": "Salah", "adm2_name1": "صاله", "adm2_name2": null, "adm2_name3": null, "adm2_pcode": "YE1519", "adm1_name": "Ta'iz", "adm1_name1": "تعز", "adm1_name2": null, "adm1_name3": null, "adm1_pcode": "YE15", "adm0_name": "Yemen", "adm0_name1": null, "adm0_name2": null, "adm0_name3": null, "adm0_pcode": "YE", "valid_on": "2019-11-22", "valid_to": null, "version": "v01", "lang": "en", "lang1": "ar", "lang2": null, "lang3": null }, "geometry": { "type": "Point", "coordinates": [ 44.03532172700011, 13.580775000000131 ] } },
{ "type": "Feature", "properties": { "admin_level": 2, "name": "Sami'", "name1": "سامع", "name2": null, "name3": null, "x_coord": 44.12332507, "y_coord": 13.38075, "adm4_name": null, "adm4_name1": null, "adm4_name2": null, "adm4_name3": null, "adm4_pcode": null, "adm3_name": null, "adm3_name1": null, "adm3_name2": null, "adm3_name3": null, "adm3_pcode": null, "adm2_name": "Sami'", "adm2_name1": "سامع", "adm2_name2": null, "adm2_name3": null, "adm2_pcode": "YE1523", "adm1_name": "Ta'iz", "adm1_name1": "تعز", "adm1_name2": null, "adm1_name3": null, "adm1_pcode": "YE15", "adm0_name": "Yemen", "adm0_name1": null, "adm0_name2": null, "adm0_name3": null, "adm0_pcode": "YE", "valid_on": "2019-11-22", "valid_to": null, "version": "v01", "lang": "en", "lang1": "ar", "lang2": null, "lang3": null }, "geometry": { "type": "Point", "coordinates": [ 44.123325074000149, 13.380750000000148 ] } },
{ "type": "Feature", "properties": { "admin_level": 2, "name": "Sana'a City Outskirts - Hamdan", "name1": "ضواحي الامانة همدان", "name2": null, "name3": null, "x_coord": 44.1367754, "y_coord": 15.413295, "adm4_name": null, "adm4_name1": null, "adm4_name2": null, "adm4_name3": null, "adm4_pcode": null, "adm3_name": null, "adm3_name1": null, "adm3_name2": null, "adm3_name3": null, "adm3_pcode": null, "adm2_name": "Sana'a City Outskirts - Hamdan", "adm2_name1": "ضواحي الامانة همدان", "adm2_name2": null, "adm2_name3": null, "adm2_pcode": "YE1319", "adm1_name": "Sana'a City", "adm1_name1": "امانة العاصمه", "adm1_name2": null, "adm1_name3": null, "adm1_pcode": "YE13", "adm0_name": "Yemen", "adm0_name1": null, "adm0_name2": null, "adm0_name3": null, "adm0_pcode": "YE", "valid_on": "2019-11-22", "valid_to": null, "version": "v01", "lang": "en", "lang1": "ar", "lang2": null, "lang3": null }, "geometry": { "type": "Point", "coordinates": [ 44.136775395000086, 15.413294999000186 ] } },
{ "type": "Feature", "properties": { "admin_level": 2, "name": "Sana'a City Outskirts -Sanhan wa Bani Bahlul", "name1": "ضواحي الامانة سنحان وبني بهلول", "name2": null, "name3": null, "x_coord": 44.24704388, "y_coord": 15.267525, "adm4_name": null, "adm4_name1": null, "adm4_name2": null, "adm4_name3": null, "adm4_pcode": null, "adm3_name": null, "adm3_name1": null, "adm3_name2": null, "adm3_name3": null, "adm3_pcode": null, "adm2_name": "Sana'a City Outskirts -Sanhan wa Bani Bahlul", "adm2_name1": "ضواحي الامانة سنحان وبني بهلول", "adm2_name2": null, "adm2_name3": null, "adm2_pcode": "YE1324", "adm1_name": "Sana'a City", "adm1_name1": "امانة العاصمه", "adm1_name2": null, "adm1_name3": null, "adm1_pcode": "YE13", "adm0_name": "Yemen", "adm0_name1": null, "adm0_name2": null, "adm0_name3": null, "adm0_pcode": "YE", "valid_on": "2019-11-22", "valid_to": null, "version": "v01", "lang": "en", "lang1": "ar", "lang2": null, "lang3": null }, "geometry": { "type": "Point", "coordinates": [ 44.247043877000181, 15.267525000000148 ] } },
{ "type": "Feature", "properties": { "admin_level": 2, "name": "Sanhan wa Bani Bahlul", "name1": "سنحان وبني بهلول", "name2": null, "name3": null, "x_coord": 44.32849207, "y_coord": 15.226075, "adm4_name": null, "adm4_name1": null, "adm4_name2": null, "adm4_name3": null, "adm4_pcode": null, "adm3_name": null, "adm3_name1": null, "adm3_name2": null, "adm3_name3": null, "adm3_pcode": null, "adm2_name": "Sanhan wa Bani Bahlul", "adm2_name1": "سنحان وبني بهلول", "adm2_name2": null, "adm2_name3": null, "adm2_pcode": "YE2305", "adm1_name": "Sana'a", "adm1_name1": "صنعاء", "adm1_name2": null, "adm1_name3": null, "adm1_pcode": "YE23", "adm0_name": "Yemen", "adm0_name1": null, "adm0_name2": null, "adm0_name3": null, "adm0_pcode": "YE", "valid_on": "2019-11-22", "valid_to": null, "version": "v01", "lang": "en", "lang1": "ar", "lang2": null, "lang3": null }, "geometry": { "type": "Point", "coordinates": [ 44.328492072000188, 15.226075000000151 ] } },
{ "type": "Feature", "properties": { "admin_level": 2, "name": "Saqin", "name1": "ساقين", "name2": null, "name3": null, "x_coord": 43.50744282, "y_coord": 16.79737, "adm4_name": null, "adm4_name1": null, "adm4_name2": null, "adm4_name3": null, "adm4_pcode": null, "adm3_name": null, "adm3_name1": null, "adm3_name2": null, "adm3_name3": null, "adm3_pcode": null, "adm2_name": "Saqin", "adm2_name1": "ساقين", "adm2_name2": null, "adm2_name3": null, "adm2_pcode": "YE2209", "adm1_name": "Sa'dah", "adm1_name1": "صعده", "adm1_name2": null, "adm1_name3": null, "adm1_pcode": "YE22", "adm0_name": "Yemen", "adm0_name1": null, "adm0_name2": null, "adm0_name3": null, "adm0_pcode": "YE", "valid_on": "2019-11-22", "valid_to": null, "version": "v01", "lang": "en", "lang1": "ar", "lang2": null, "lang3": null }, "geometry": { "type": "Point", "coordinates": [ 43.507442820000165, 16.797370000000114 ] } },
{ "type": "Feature", "properties": { "admin_level": 2, "name": "Sarar", "name1": "سرار", "name2": null, "name3": null, "x_coord": 45.38867156, "y_coord": 13.580045, "adm4_name": null, "adm4_name1": null, "adm4_name2": null, "adm4_name3": null, "adm4_pcode": null, "adm3_name": null, "adm3_name1": null, "adm3_name2": null, "adm3_name3": null, "adm3_pcode": null, "adm2_name": "Sarar", "adm2_name1": "سرار", "adm2_name2": null, "adm2_name3": null, "adm2_pcode": "YE1207", "adm1_name": "Abyan", "adm1_name1": "ابين", "adm1_name2": null, "adm1_name3": null, "adm1_pcode": "YE12", "adm0_name": "Yemen", "adm0_name1": null, "adm0_name2": null, "adm0_name3": null, "adm0_pcode": "YE", "valid_on": "2019-11-22", "valid_to": null, "version": "v01", "lang": "en", "lang1": "ar", "lang2": null, "lang3": null }, "geometry": { "type": "Point", "coordinates": [ 45.388671561000194, 13.580045000000155 ] } },
{ "type": "Feature", "properties": { "admin_level": 2, "name": "Sayhut", "name1": "سيحوت", "name2": null, "name3": null, "x_coord": 51.23210372, "y_coord": 15.523885, "adm4_name": null, "adm4_name1": null, "adm4_name2": null, "adm4_name3": null, "adm4_pcode": null, "adm3_name": null, "adm3_name1": null, "adm3_name2": null, "adm3_name3": null, "adm3_pcode": null, "adm2_name": "Sayhut", "adm2_name1": "سيحوت", "adm2_name2": null, "adm2_name3": null, "adm2_pcode": "YE2807", "adm1_name": "Al Maharah", "adm1_name1": "المهره", "adm1_name2": null, "adm1_name3": null, "adm1_pcode": "YE28", "adm0_name": "Yemen", "adm0_name1": null, "adm0_name2": null, "adm0_name3": null, "adm0_pcode": "YE", "valid_on": "2019-11-22", "valid_to": null, "version": "v01", "lang": "en", "lang1": "ar", "lang2": null, "lang3": null }, "geometry": { "type": "Point", "coordinates": [ 51.232103720000111, 15.523884999000074 ] } },
{ "type": "Feature", "properties": { "admin_level": 2, "name": "Sayun", "name1": "سيئون", "name2": null, "name3": null, "x_coord": 48.83975436, "y_coord": 16.015115, "adm4_name": null, "adm4_name1": null, "adm4_name2": null, "adm4_name3": null, "adm4_pcode": null, "adm3_name": null, "adm3_name1": null, "adm3_name2": null, "adm3_name3": null, "adm3_pcode": null, "adm2_name": "Sayun", "adm2_name1": "سيئون", "adm2_name2": null, "adm2_name3": null, "adm2_pcode": "YE1910", "adm1_name": "Hadramawt", "adm1_name1": "حضرموت", "adm1_name2": null, "adm1_name3": null, "adm1_pcode": "YE19", "adm0_name": "Yemen", "adm0_name1": null, "adm0_name2": null, "adm0_name3": null, "adm0_pcode": "YE", "valid_on": "2019-11-22", "valid_to": null, "version": "v01", "lang": "en", "lang1": "ar", "lang2": null, "lang3": null }, "geometry": { "type": "Point", "coordinates": [ 48.83975435900004, 16.015115 ] } },
{ "type": "Feature", "properties": { "admin_level": 2, "name": "Shada'a", "name1": "شداء", "name2": null, "name3": null, "x_coord": 43.19099122, "y_coord": 16.88539, "adm4_name": null, "adm4_name1": null, "adm4_name2": null, "adm4_name3": null, "adm4_pcode": null, "adm3_name": null, "adm3_name1": null, "adm3_name2": null, "adm3_name3": null, "adm3_pcode": null, "adm2_name": "Shada'a", "adm2_name1": "شداء", "adm2_name2": null, "adm2_name3": null, "adm2_pcode": "YE2206", "adm1_name": "Sa'dah", "adm1_name1": "صعده", "adm1_name2": null, "adm1_name3": null, "adm1_pcode": "YE22", "adm0_name": "Yemen", "adm0_name1": null, "adm0_name2": null, "adm0_name3": null, "adm0_pcode": "YE", "valid_on": "2019-11-22", "valid_to": null, "version": "v01", "lang": "en", "lang1": "ar", "lang2": null, "lang3": null }, "geometry": { "type": "Point", "coordinates": [ 43.190991220000171, 16.88539 ] } },
{ "type": "Feature", "properties": { "admin_level": 2, "name": "Shaharah", "name1": "شهاره", "name2": null, "name3": null, "x_coord": 43.71162565, "y_coord": 16.185465, "adm4_name": null, "adm4_name1": null, "adm4_name2": null, "adm4_name3": null, "adm4_pcode": null, "adm3_name": null, "adm3_name1": null, "adm3_name2": null, "adm3_name3": null, "adm3_pcode": null, "adm2_name": "Shaharah", "adm2_name1": "شهاره", "adm2_name2": null, "adm2_name3": null, "adm2_pcode": "YE2905", "adm1_name": "Amran", "adm1_name1": "عمران", "adm1_name2": null, "adm1_name3": null, "adm1_pcode": "YE29", "adm0_name": "Yemen", "adm0_name1": null, "adm0_name2": null, "adm0_name3": null, "adm0_pcode": "YE", "valid_on": "2019-11-22", "valid_to": null, "version": "v01", "lang": "en", "lang1": "ar", "lang2": null, "lang3": null }, "geometry": { "type": "Point", "coordinates": [ 43.711625654000102, 16.185465 ] } },
{ "type": "Feature", "properties": { "admin_level": 2, "name": "Shahin", "name1": "شحن", "name2": null, "name3": null, "x_coord": 52.33609598, "y_coord": 17.915965, "adm4_name": null, "adm4_name1": null, "adm4_name2": null, "adm4_name3": null, "adm4_pcode": null, "adm3_name": null, "adm3_name1": null, "adm3_name2": null, "adm3_name3": null, "adm3_pcode": null, "adm2_name": "Shahin", "adm2_name1": "شحن", "adm2_name2": null, "adm2_name3": null, "adm2_pcode": "YE2801", "adm1_name": "Al Maharah", "adm1_name1": "المهره", "adm1_name2": null, "adm1_name3": null, "adm1_pcode": "YE28", "adm0_name": "Yemen", "adm0_name1": null, "adm0_name2": null, "adm0_name3": null, "adm0_pcode": "YE", "valid_on": "2019-11-22", "valid_to": null, "version": "v01", "lang": "en", "lang1": "ar", "lang2": null, "lang3": null }, "geometry": { "type": "Point", "coordinates": [ 52.336095981000028, 17.915964998000049 ] } },
{ "type": "Feature", "properties": { "admin_level": 2, "name": "Shar'ab Ar Rawnah", "name1": "شرعب الرونه", "name2": null, "name3": null, "x_coord": 43.82669422, "y_coord": 13.73148648, "adm4_name": null, "adm4_name1": null, "adm4_name2": null, "adm4_name3": null, "adm4_pcode": null, "adm3_name": null, "adm3_name1": null, "adm3_name2": null, "adm3_name3": null, "adm3_pcode": null, "adm2_name": "Shar'ab Ar Rawnah", "adm2_name1": "شرعب الرونه", "adm2_name2": null, "adm2_name3": null, "adm2_pcode": "YE1503", "adm1_name": "Ta'iz", "adm1_name1": "تعز", "adm1_name2": null, "adm1_name3": null, "adm1_pcode": "YE15", "adm0_name": "Yemen", "adm0_name1": null, "adm0_name2": null, "adm0_name3": null, "adm0_pcode": "YE", "valid_on": "2019-11-22", "valid_to": null, "version": "v01", "lang": "en", "lang1": "ar", "lang2": null, "lang3": null }, "geometry": { "type": "Point", "coordinates": [ 43.826694216000192, 13.731486485000119 ] } },
{ "type": "Feature", "properties": { "admin_level": 2, "name": "Shar'ab As Salam", "name1": "شرعب السلام", "name2": null, "name3": null, "x_coord": 43.89244341, "y_coord": 13.78336, "adm4_name": null, "adm4_name1": null, "adm4_name2": null, "adm4_name3": null, "adm4_pcode": null, "adm3_name": null, "adm3_name1": null, "adm3_name2": null, "adm3_name3": null, "adm3_pcode": null, "adm2_name": "Shar'ab As Salam", "adm2_name1": "شرعب السلام", "adm2_name2": null, "adm2_name3": null, "adm2_pcode": "YE1502", "adm1_name": "Ta'iz", "adm1_name1": "تعز", "adm1_name2": null, "adm1_name3": null, "adm1_pcode": "YE15", "adm0_name": "Yemen", "adm0_name1": null, "adm0_name2": null, "adm0_name3": null, "adm0_pcode": "YE", "valid_on": "2019-11-22", "valid_to": null, "version": "v01", "lang": "en", "lang1": "ar", "lang2": null, "lang3": null }, "geometry": { "type": "Point", "coordinates": [ 43.892443409000123, 13.783360001000119 ] } },
{ "type": "Feature", "properties": { "admin_level": 2, "name": "Sharas", "name1": "شرس", "name2": null, "name3": null, "x_coord": 43.63971467, "y_coord": 15.73142473, "adm4_name": null, "adm4_name1": null, "adm4_name2": null, "adm4_name3": null, "adm4_pcode": null, "adm3_name": null, "adm3_name1": null, "adm3_name2": null, "adm3_name3": null, "adm3_pcode": null, "adm2_name": "Sharas", "adm2_name1": "شرس", "adm2_name2": null, "adm2_name3": null, "adm2_pcode": "YE1719", "adm1_name": "Hajjah", "adm1_name1": "حجه", "adm1_name2": null, "adm1_name3": null, "adm1_pcode": "YE17", "adm0_name": "Yemen", "adm0_name1": null, "adm0_name2": null, "adm0_name3": null, "adm0_pcode": "YE", "valid_on": "2019-11-22", "valid_to": null, "version": "v01", "lang": "en", "lang1": "ar", "lang2": null, "lang3": null }, "geometry": { "type": "Point", "coordinates": [ 43.63971466900017, 15.73142473200005 ] } },
{ "type": "Feature", "properties": { "admin_level": 2, "name": "Shibam", "name1": "شبام", "name2": null, "name3": null, "x_coord": 48.65972871, "y_coord": 15.88107, "adm4_name": null, "adm4_name1": null, "adm4_name2": null, "adm4_name3": null, "adm4_pcode": null, "adm3_name": null, "adm3_name1": null, "adm3_name2": null, "adm3_name3": null, "adm3_pcode": null, "adm2_name": "Shibam", "adm2_name1": "شبام", "adm2_name2": null, "adm2_name3": null, "adm2_pcode": "YE1908", "adm1_name": "Hadramawt", "adm1_name1": "حضرموت", "adm1_name2": null, "adm1_name3": null, "adm1_pcode": "YE19", "adm0_name": "Yemen", "adm0_name1": null, "adm0_name2": null, "adm0_name3": null, "adm0_pcode": "YE", "valid_on": "2019-11-22", "valid_to": null, "version": "v01", "lang": "en", "lang1": "ar", "lang2": null, "lang3": null }, "geometry": { "type": "Point", "coordinates": [ 48.659728707000113, 15.88107 ] } },
{ "type": "Feature", "properties": { "admin_level": 2, "name": "Shibam Kawkaban", "name1": "شبام كوكبان", "name2": null, "name3": null, "x_coord": 43.84981633, "y_coord": 15.475495, "adm4_name": null, "adm4_name1": null, "adm4_name2": null, "adm4_name3": null, "adm4_pcode": null, "adm3_name": null, "adm3_name1": null, "adm3_name2": null, "adm3_name3": null, "adm3_pcode": null, "adm2_name": "Shibam Kawkaban", "adm2_name1": "شبام كوكبان", "adm2_name2": null, "adm2_name3": null, "adm2_pcode": "YE2701", "adm1_name": "Al Mahwit", "adm1_name1": "المحويت", "adm1_name2": null, "adm1_name3": null, "adm1_pcode": "YE27", "adm0_name": "Yemen", "adm0_name1": null, "adm0_name2": null, "adm0_name3": null, "adm0_pcode": "YE", "valid_on": "2019-11-22", "valid_to": null, "version": "v01", "lang": "en", "lang1": "ar", "lang2": null, "lang3": null }, "geometry": { "type": "Point", "coordinates": [ 43.849816331000113, 15.475495 ] } },
{ "type": "Feature", "properties": { "admin_level": 2, "name": "Shu'ub", "name1": "شعوب", "name2": null, "name3": null, "x_coord": 44.22790104, "y_coord": 15.386255, "adm4_name": null, "adm4_name1": null, "adm4_name2": null, "adm4_name3": null, "adm4_pcode": null, "adm3_name": null, "adm3_name1": null, "adm3_name2": null, "adm3_name3": null, "adm3_pcode": null, "adm2_name": "Shu'ub", "adm2_name1": "شعوب", "adm2_name2": null, "adm2_name3": null, "adm2_pcode": "YE1302", "adm1_name": "Sana'a City", "adm1_name1": "امانة العاصمه", "adm1_name2": null, "adm1_name3": null, "adm1_pcode": "YE13", "adm0_name": "Yemen", "adm0_name1": null, "adm0_name2": null, "adm0_name3": null, "adm0_pcode": "YE", "valid_on": "2019-11-22", "valid_to": null, "version": "v01", "lang": "en", "lang1": "ar", "lang2": null, "lang3": null }, "geometry": { "type": "Point", "coordinates": [ 44.22790103799997, 15.386255000000119 ] } },
{ "type": "Feature", "properties": { "admin_level": 2, "name": "Sibah", "name1": "سباح", "name2": null, "name3": null, "x_coord": 45.4229334, "y_coord": 13.81425307, "adm4_name": null, "adm4_name1": null, "adm4_name2": null, "adm4_name3": null, "adm4_pcode": null, "adm3_name": null, "adm3_name1": null, "adm3_name2": null, "adm3_name3": null, "adm3_pcode": null, "adm2_name": "Sibah", "adm2_name1": "سباح", "adm2_name2": null, "adm2_name3": null, "adm2_pcode": "YE1205", "adm1_name": "Abyan", "adm1_name1": "ابين", "adm1_name2": null, "adm1_name3": null, "adm1_pcode": "YE12", "adm0_name": "Yemen", "adm0_name1": null, "adm0_name2": null, "adm0_name3": null, "adm0_pcode": "YE", "valid_on": "2019-11-22", "valid_to": null, "version": "v01", "lang": "en", "lang1": "ar", "lang2": null, "lang3": null }, "geometry": { "type": "Point", "coordinates": [ 45.422933402000069, 13.81425307000012 ] } },
{ "type": "Feature", "properties": { "admin_level": 2, "name": "Sirwah", "name1": "صرواح", "name2": null, "name3": null, "x_coord": 45.01930669, "y_coord": 15.44093, "adm4_name": null, "adm4_name1": null, "adm4_name2": null, "adm4_name3": null, "adm4_pcode": null, "adm3_name": null, "adm3_name1": null, "adm3_name2": null, "adm3_name3": null, "adm3_pcode": null, "adm2_name": "Sirwah", "adm2_name1": "صرواح", "adm2_name2": null, "adm2_name3": null, "adm2_pcode": "YE2606", "adm1_name": "Ma'rib", "adm1_name1": "مارب", "adm1_name2": null, "adm1_name3": null, "adm1_pcode": "YE26", "adm0_name": "Yemen", "adm0_name1": null, "adm0_name2": null, "adm0_name3": null, "adm0_pcode": "YE", "valid_on": "2019-11-22", "valid_to": null, "version": "v01", "lang": "en", "lang1": "ar", "lang2": null, "lang3": null }, "geometry": { "type": "Point", "coordinates": [ 45.019306690000064, 15.440930001000027 ] } },
{ "type": "Feature", "properties": { "admin_level": 2, "name": "Suwayr", "name1": "صوير", "name2": null, "name3": null, "x_coord": 43.62968524, "y_coord": 16.06186, "adm4_name": null, "adm4_name1": null, "adm4_name2": null, "adm4_name3": null, "adm4_pcode": null, "adm3_name": null, "adm3_name1": null, "adm3_name2": null, "adm3_name3": null, "adm3_pcode": null, "adm2_name": "Suwayr", "adm2_name1": "صوير", "adm2_name2": null, "adm2_name3": null, "adm2_pcode": "YE2907", "adm1_name": "Amran", "adm1_name1": "عمران", "adm1_name2": null, "adm1_name3": null, "adm1_pcode": "YE29", "adm0_name": "Yemen", "adm0_name1": null, "adm0_name2": null, "adm0_name3": null, "adm0_pcode": "YE", "valid_on": "2019-11-22", "valid_to": null, "version": "v01", "lang": "en", "lang1": "ar", "lang2": null, "lang3": null }, "geometry": { "type": "Point", "coordinates": [ 43.629685245000076, 16.06186 ] } },
{ "type": "Feature", "properties": { "admin_level": 2, "name": "Tarim", "name1": "تريم", "name2": null, "name3": null, "x_coord": 49.05047189, "y_coord": 16.0788, "adm4_name": null, "adm4_name1": null, "adm4_name2": null, "adm4_name3": null, "adm4_pcode": null, "adm3_name": null, "adm3_name1": null, "adm3_name2": null, "adm3_name3": null, "adm3_pcode": null, "adm2_name": "Tarim", "adm2_name1": "تريم", "adm2_name2": null, "adm2_name3": null, "adm2_pcode": "YE1911", "adm1_name": "Hadramawt", "adm1_name1": "حضرموت", "adm1_name2": null, "adm1_name3": null, "adm1_pcode": "YE19", "adm0_name": "Yemen", "adm0_name1": null, "adm0_name2": null, "adm0_name3": null, "adm0_pcode": "YE", "valid_on": "2019-11-22", "valid_to": null, "version": "v01", "lang": "en", "lang1": "ar", "lang2": null, "lang3": null }, "geometry": { "type": "Point", "coordinates": [ 49.05047189000004, 16.078800000000172 ] } },
{ "type": "Feature", "properties": { "admin_level": 2, "name": "Thamud", "name1": "ثمود", "name2": null, "name3": null, "x_coord": 50.0119712, "y_coord": 17.64114, "adm4_name": null, "adm4_name1": null, "adm4_name2": null, "adm4_name3": null, "adm4_pcode": null, "adm3_name": null, "adm3_name1": null, "adm3_name2": null, "adm3_name3": null, "adm3_pcode": null, "adm2_name": "Thamud", "adm2_name1": "ثمود", "adm2_name2": null, "adm2_name3": null, "adm2_pcode": "YE1902", "adm1_name": "Hadramawt", "adm1_name1": "حضرموت", "adm1_name2": null, "adm1_name3": null, "adm1_pcode": "YE19", "adm0_name": "Yemen", "adm0_name1": null, "adm0_name2": null, "adm0_name3": null, "adm0_pcode": "YE", "valid_on": "2019-11-22", "valid_to": null, "version": "v01", "lang": "en", "lang1": "ar", "lang2": null, "lang3": null }, "geometry": { "type": "Point", "coordinates": [ 50.011971203000087, 17.64114 ] } },
{ "type": "Feature", "properties": { "admin_level": 2, "name": "Thula", "name1": "ثلاء", "name2": null, "name3": null, "x_coord": 43.83237253, "y_coord": 15.590245, "adm4_name": null, "adm4_name1": null, "adm4_name2": null, "adm4_name3": null, "adm4_pcode": null, "adm3_name": null, "adm3_name1": null, "adm3_name2": null, "adm3_name3": null, "adm3_pcode": null, "adm2_name": "Thula", "adm2_name1": "ثلاء", "adm2_name2": null, "adm2_name3": null, "adm2_pcode": "YE2917", "adm1_name": "Amran", "adm1_name1": "عمران", "adm1_name2": null, "adm1_name3": null, "adm1_pcode": "YE29", "adm0_name": "Yemen", "adm0_name1": null, "adm0_name2": null, "adm0_name3": null, "adm0_pcode": "YE", "valid_on": "2019-11-22", "valid_to": null, "version": "v01", "lang": "en", "lang1": "ar", "lang2": null, "lang3": null }, "geometry": { "type": "Point", "coordinates": [ 43.83237253100009, 15.590245 ] } },
{ "type": "Feature", "properties": { "admin_level": 2, "name": "Tuban", "name1": "تبن", "name2": null, "name3": null, "x_coord": 44.90921327, "y_coord": 13.08495, "adm4_name": null, "adm4_name1": null, "adm4_name2": null, "adm4_name3": null, "adm4_pcode": null, "adm3_name": null, "adm3_name1": null, "adm3_name2": null, "adm3_name3": null, "adm3_pcode": null, "adm2_name": "Tuban", "adm2_name1": "تبن", "adm2_name2": null, "adm2_name3": null, "adm2_pcode": "YE2515", "adm1_name": "Lahj", "adm1_name1": "لحج", "adm1_name2": null, "adm1_name3": null, "adm1_pcode": "YE25", "adm0_name": "Yemen", "adm0_name1": null, "adm0_name2": null, "adm0_name3": null, "adm0_pcode": "YE", "valid_on": "2019-11-22", "valid_to": null, "version": "v01", "lang": "en", "lang1": "ar", "lang2": null, "lang3": null }, "geometry": { "type": "Point", "coordinates": [ 44.909213275000127, 13.084950001000095 ] } },
{ "type": "Feature", "properties": { "admin_level": 2, "name": "Tur Al Bahah", "name1": "طور الباحه", "name2": null, "name3": null, "x_coord": 44.48021399, "y_coord": 13.001055, "adm4_name": null, "adm4_name1": null, "adm4_name2": null, "adm4_name3": null, "adm4_pcode": null, "adm3_name": null, "adm3_name1": null, "adm3_name2": null, "adm3_name3": null, "adm3_pcode": null, "adm2_name": "Tur Al Bahah", "adm2_name1": "طور الباحه", "adm2_name2": null, "adm2_name3": null, "adm2_pcode": "YE2511", "adm1_name": "Lahj", "adm1_name1": "لحج", "adm1_name2": null, "adm1_name3": null, "adm1_pcode": "YE25", "adm0_name": "Yemen", "adm0_name1": null, "adm0_name2": null, "adm0_name3": null, "adm0_pcode": "YE", "valid_on": "2019-11-22", "valid_to": null, "version": "v01", "lang": "en", "lang1": "ar", "lang2": null, "lang3": null }, "geometry": { "type": "Point", "coordinates": [ 44.480213992000188, 13.001055000000122 ] } },
{ "type": "Feature", "properties": { "admin_level": 2, "name": "Wadi Al Ayn", "name1": "وادي العين", "name2": null, "name3": null, "x_coord": 48.52140616, "y_coord": 15.439985, "adm4_name": null, "adm4_name1": null, "adm4_name2": null, "adm4_name3": null, "adm4_pcode": null, "adm3_name": null, "adm3_name1": null, "adm3_name2": null, "adm3_name3": null, "adm3_pcode": null, "adm2_name": "Wadi Al Ayn", "adm2_name1": "وادي العين", "adm2_name2": null, "adm2_name3": null, "adm2_pcode": "YE1919", "adm1_name": "Hadramawt", "adm1_name1": "حضرموت", "adm1_name2": null, "adm1_name3": null, "adm1_pcode": "YE19", "adm0_name": "Yemen", "adm0_name1": null, "adm0_name2": null, "adm0_name3": null, "adm0_pcode": "YE", "valid_on": "2019-11-22", "valid_to": null, "version": "v01", "lang": "en", "lang1": "ar", "lang2": null, "lang3": null }, "geometry": { "type": "Point", "coordinates": [ 48.521406158000048, 15.439985 ] } },
{ "type": "Feature", "properties": { "admin_level": 2, "name": "Wadrah", "name1": "وضره", "name2": null, "name3": null, "x_coord": 43.46773359, "y_coord": 15.71376, "adm4_name": null, "adm4_name1": null, "adm4_name2": null, "adm4_name3": null, "adm4_pcode": null, "adm3_name": null, "adm3_name1": null, "adm3_name2": null, "adm3_name3": null, "adm3_pcode": null, "adm2_name": "Wadrah", "adm2_name1": "وضره", "adm2_name2": null, "adm2_name3": null, "adm2_pcode": "YE1723", "adm1_name": "Hajjah", "adm1_name1": "حجه", "adm1_name2": null, "adm1_name3": null, "adm1_pcode": "YE17", "adm0_name": "Yemen", "adm0_name1": null, "adm0_name2": null, "adm0_name3": null, "adm0_pcode": "YE", "valid_on": "2019-11-22", "valid_to": null, "version": "v01", "lang": "en", "lang1": "ar", "lang2": null, "lang3": null }, "geometry": { "type": "Point", "coordinates": [ 43.467733592000172, 15.71376 ] } },
{ "type": "Feature", "properties": { "admin_level": 2, "name": "Wald Rabi'", "name1": "ولدربيع", "name2": null, "name3": null, "x_coord": 45.02373889, "y_coord": 14.64002, "adm4_name": null, "adm4_name1": null, "adm4_name2": null, "adm4_name3": null, "adm4_pcode": null, "adm3_name": null, "adm3_name1": null, "adm3_name2": null, "adm3_name3": null, "adm3_pcode": null, "adm2_name": "Wald Rabi'", "adm2_name1": "ولدربيع", "adm2_name2": null, "adm2_name3": null, "adm2_pcode": "YE1415", "adm1_name": "Al Bayda", "adm1_name1": "البيضاء", "adm1_name2": null, "adm1_name3": null, "adm1_pcode": "YE14", "adm0_name": "Yemen", "adm0_name1": null, "adm0_name2": null, "adm0_name3": null, "adm0_pcode": "YE", "valid_on": "2019-11-22", "valid_to": null, "version": "v01", "lang": "en", "lang1": "ar", "lang2": null, "lang3": null }, "geometry": { "type": "Point", "coordinates": [ 45.023738887000036, 14.64002 ] } },
{ "type": "Feature", "properties": { "admin_level": 2, "name": "Washhah", "name1": "وشحه", "name2": null, "name3": null, "x_coord": 43.38557725, "y_coord": 16.335925, "adm4_name": null, "adm4_name1": null, "adm4_name2": null, "adm4_name3": null, "adm4_pcode": null, "adm3_name": null, "adm3_name1": null, "adm3_name2": null, "adm3_name3": null, "adm3_pcode": null, "adm2_name": "Washhah", "adm2_name1": "وشحه", "adm2_name2": null, "adm2_name3": null, "adm2_pcode": "YE1730", "adm1_name": "Hajjah", "adm1_name1": "حجه", "adm1_name2": null, "adm1_name3": null, "adm1_pcode": "YE17", "adm0_name": "Yemen", "adm0_name1": null, "adm0_name2": null, "adm0_name3": null, "adm0_pcode": "YE", "valid_on": "2019-11-22", "valid_to": null, "version": "v01", "lang": "en", "lang1": "ar", "lang2": null, "lang3": null }, "geometry": { "type": "Point", "coordinates": [ 43.385577255000044, 16.335925 ] } },
{ "type": "Feature", "properties": { "admin_level": 2, "name": "Wusab Al Aali", "name1": "وصاب العالي", "name2": null, "name3": null, "x_coord": 43.82298716, "y_coord": 14.333215, "adm4_name": null, "adm4_name1": null, "adm4_name2": null, "adm4_name3": null, "adm4_pcode": null, "adm3_name": null, "adm3_name1": null, "adm3_name2": null, "adm3_name3": null, "adm3_pcode": null, "adm2_name": "Wusab Al Aali", "adm2_name1": "وصاب العالي", "adm2_name2": null, "adm2_name3": null, "adm2_pcode": "YE2006", "adm1_name": "Dhamar", "adm1_name1": "ذمار", "adm1_name2": null, "adm1_name3": null, "adm1_pcode": "YE20", "adm0_name": "Yemen", "adm0_name1": null, "adm0_name2": null, "adm0_name3": null, "adm0_pcode": "YE", "valid_on": "2019-11-22", "valid_to": null, "version": "v01", "lang": "en", "lang1": "ar", "lang2": null, "lang3": null }, "geometry": { "type": "Point", "coordinates": [ 43.822987162000061, 14.333215 ] } },
{ "type": "Feature", "properties": { "admin_level": 2, "name": "Wusab As Safil", "name1": "وصاب السافل", "name2": null, "name3": null, "x_coord": 43.62723981, "y_coord": 14.25022, "adm4_name": null, "adm4_name1": null, "adm4_name2": null, "adm4_name3": null, "adm4_pcode": null, "adm3_name": null, "adm3_name1": null, "adm3_name2": null, "adm3_name3": null, "adm3_pcode": null, "adm2_name": "Wusab As Safil", "adm2_name1": "وصاب السافل", "adm2_name2": null, "adm2_name3": null, "adm2_pcode": "YE2007", "adm1_name": "Dhamar", "adm1_name1": "ذمار", "adm1_name2": null, "adm1_name3": null, "adm1_pcode": "YE20", "adm0_name": "Yemen", "adm0_name1": null, "adm0_name2": null, "adm0_name3": null, "adm0_pcode": "YE", "valid_on": "2019-11-22", "valid_to": null, "version": "v01", "lang": "en", "lang1": "ar", "lang2": null, "lang3": null }, "geometry": { "type": "Point", "coordinates": [ 43.627239815000053, 14.25022 ] } },
{ "type": "Feature", "properties": { "admin_level": 2, "name": "Yab'uth", "name1": "يبعث", "name2": null, "name3": null, "x_coord": 47.74147534, "y_coord": 14.77675, "adm4_name": null, "adm4_name1": null, "adm4_name2": null, "adm4_name3": null, "adm4_pcode": null, "adm3_name": null, "adm3_name1": null, "adm3_name2": null, "adm3_name3": null, "adm3_pcode": null, "adm2_name": "Yab'uth", "adm2_name1": "يبعث", "adm2_name2": null, "adm2_name3": null, "adm2_pcode": "YE1923", "adm1_name": "Hadramawt", "adm1_name1": "حضرموت", "adm1_name2": null, "adm1_name3": null, "adm1_pcode": "YE19", "adm0_name": "Yemen", "adm0_name1": null, "adm0_name2": null, "adm0_name3": null, "adm0_pcode": "YE", "valid_on": "2019-11-22", "valid_to": null, "version": "v01", "lang": "en", "lang1": "ar", "lang2": null, "lang3": null }, "geometry": { "type": "Point", "coordinates": [ 47.741475342000115, 14.77675 ] } },
{ "type": "Feature", "properties": { "admin_level": 2, "name": "Yafi'", "name1": "يافع", "name2": null, "name3": null, "x_coord": 45.23083119, "y_coord": 13.86085995, "adm4_name": null, "adm4_name1": null, "adm4_name2": null, "adm4_name3": null, "adm4_pcode": null, "adm3_name": null, "adm3_name1": null, "adm3_name2": null, "adm3_name3": null, "adm3_pcode": null, "adm2_name": "Yafi'", "adm2_name1": "يافع", "adm2_name2": null, "adm2_name3": null, "adm2_pcode": "YE2502", "adm1_name": "Lahj", "adm1_name1": "لحج", "adm1_name2": null, "adm1_name3": null, "adm1_pcode": "YE25", "adm0_name": "Yemen", "adm0_name1": null, "adm0_name2": null, "adm0_name3": null, "adm0_pcode": "YE", "valid_on": "2019-11-22", "valid_to": null, "version": "v01", "lang": "en", "lang1": "ar", "lang2": null, "lang3": null }, "geometry": { "type": "Point", "coordinates": [ 45.230831189000014, 13.860859947000051 ] } },
{ "type": "Feature", "properties": { "admin_level": 2, "name": "Yahr", "name1": "يهر", "name2": null, "name3": null, "x_coord": 45.1519907, "y_coord": 13.72242999, "adm4_name": null, "adm4_name1": null, "adm4_name2": null, "adm4_name3": null, "adm4_pcode": null, "adm3_name": null, "adm3_name1": null, "adm3_name2": null, "adm3_name3": null, "adm3_pcode": null, "adm2_name": "Yahr", "adm2_name1": "يهر", "adm2_name2": null, "adm2_name3": null, "adm2_pcode": "YE2504", "adm1_name": "Lahj", "adm1_name1": "لحج", "adm1_name2": null, "adm1_name3": null, "adm1_pcode": "YE25", "adm0_name": "Yemen", "adm0_name1": null, "adm0_name2": null, "adm0_name3": null, "adm0_pcode": "YE", "valid_on": "2019-11-22", "valid_to": null, "version": "v01", "lang": "en", "lang1": "ar", "lang2": null, "lang3": null }, "geometry": { "type": "Point", "coordinates": [ 45.151990703000081, 13.722429995000027 ] } },
{ "type": "Feature", "properties": { "admin_level": 2, "name": "Yarim", "name1": "يريم", "name2": null, "name3": null, "x_coord": 44.37297617, "y_coord": 14.28907683, "adm4_name": null, "adm4_name1": null, "adm4_name2": null, "adm4_name3": null, "adm4_pcode": null, "adm3_name": null, "adm3_name1": null, "adm3_name2": null, "adm3_name3": null, "adm3_pcode": null, "adm2_name": "Yarim", "adm2_name1": "يريم", "adm2_name2": null, "adm2_name3": null, "adm2_pcode": "YE1102", "adm1_name": "Ibb", "adm1_name1": "اب", "adm1_name2": null, "adm1_name3": null, "adm1_pcode": "YE11", "adm0_name": "Yemen", "adm0_name1": null, "adm0_name2": null, "adm0_name3": null, "adm0_pcode": "YE", "valid_on": "2019-11-22", "valid_to": null, "version": "v01", "lang": "en", "lang1": "ar", "lang2": null, "lang3": null }, "geometry": { "type": "Point", "coordinates": [ 44.372976172, 14.289076825000166 ] } },
{ "type": "Feature", "properties": { "admin_level": 2, "name": "Zabid", "name1": "زبيد", "name2": null, "name3": null, "x_coord": 43.29897989, "y_coord": 14.27275069, "adm4_name": null, "adm4_name1": null, "adm4_name2": null, "adm4_name3": null, "adm4_pcode": null, "adm3_name": null, "adm3_name1": null, "adm3_name2": null, "adm3_name3": null, "adm3_pcode": null, "adm2_name": "Zabid", "adm2_name1": "زبيد", "adm2_name2": null, "adm2_name3": null, "adm2_pcode": "YE1824", "adm1_name": "Al Hodeidah", "adm1_name1": "الحديده", "adm1_name2": null, "adm1_name3": null, "adm1_pcode": "YE18", "adm0_name": "Yemen", "adm0_name1": null, "adm0_name2": null, "adm0_name3": null, "adm0_pcode": "YE", "valid_on": "2019-11-22", "valid_to": null, "version": "v01", "lang": "en", "lang1": "ar", "lang2": null, "lang3": null }, "geometry": { "type": "Point", "coordinates": [ 43.298979889, 14.272750691000056 ] } },
{ "type": "Feature", "properties": { "admin_level": 2, "name": "Zamakh wa Manwokh", "name1": "زمخ ومنوخ", "name2": null, "name3": null, "x_coord": 48.02912047, "y_coord": 17.17094, "adm4_name": null, "adm4_name1": null, "adm4_name2": null, "adm4_name3": null, "adm4_pcode": null, "adm3_name": null, "adm3_name1": null, "adm3_name2": null, "adm3_name3": null, "adm3_pcode": null, "adm2_name": "Zamakh wa Manwokh", "adm2_name1": "زمخ ومنوخ", "adm2_name2": null, "adm2_name3": null, "adm2_pcode": "YE1904", "adm1_name": "Hadramawt", "adm1_name1": "حضرموت", "adm1_name2": null, "adm1_name3": null, "adm1_pcode": "YE19", "adm0_name": "Yemen", "adm0_name1": null, "adm0_name2": null, "adm0_name3": null, "adm0_pcode": "YE", "valid_on": "2019-11-22", "valid_to": null, "version": "v01", "lang": "en", "lang1": "ar", "lang2": null, "lang3": null }, "geometry": { "type": "Point", "coordinates": [ 48.029120474000194, 17.17094 ] } },
{ "type": "Feature", "properties": { "admin_level": 2, "name": "Zinjibar", "name1": "زنجبار", "name2": null, "name3": null, "x_coord": 45.41119204, "y_coord": 13.14295, "adm4_name": null, "adm4_name1": null, "adm4_name2": null, "adm4_name3": null, "adm4_pcode": null, "adm3_name": null, "adm3_name1": null, "adm3_name2": null, "adm3_name3": null, "adm3_pcode": null, "adm2_name": "Zinjibar", "adm2_name1": "زنجبار", "adm2_name2": null, "adm2_name3": null, "adm2_pcode": "YE1210", "adm1_name": "Abyan", "adm1_name1": "ابين", "adm1_name2": null, "adm1_name3": null, "adm1_pcode": "YE12", "adm0_name": "Yemen", "adm0_name1": null, "adm0_name2": null, "adm0_name3": null, "adm0_pcode": "YE", "valid_on": "2019-11-22", "valid_to": null, "version": "v01", "lang": "en", "lang1": "ar", "lang2": null, "lang3": null }, "geometry": { "type": "Point", "coordinates": [ 45.411192042000096, 13.14295 ] } }
]
}
